Sub ID,Lorax,Lost,Mad Men,Pony,Walking Dead,Weeds,Grand Total
1,8.1,54.9,34.2,2.1,122,11.1,232.4
2,3,75.15,8.1,2.1,142,3,233.35
3,5.1,67.05,22.05,2.1,129.2,6.9,232.4
4,6,54,12.15,6,118.8,5.1,202.05
5,5.1,54,12.15,3.9,118.8,5.1,199.05
6,2.1,57.15,30.15,2.1,127.2,9.9,228.6
7,5.1,46.8,19.8,2.1,116,6.9,196.7
8,5.1,54.9,4.05,8.1,125.2,2.1,199.45
9,3,36,0,3.9,110.8,5.1,158.8
10,2.1,49.05,36,3,110.8,14.1,215.05
11,3.9,58.05,9.9,2.1,124,6,203.95
12,3,34.2,9.9,5.1,108.8,6.9,167.9
13,6,58.95,1.8,3.9,128.8,2.1,201.55
14,6,57.15,9.9,9,128.8,3,213.85
15,3,77.85,16.2,5.1,136,6,244.15
16,6.9,34.2,5.85,6,106,6,164.95
17,3,59.85,0,3,126,3,194.85
18,3,79.2,18,3.9,144.8,9,257.9
19,0.9,55.8,0,0.9,124.8,3.9,186.3
20,3,40.05,40.05,3.9,103.2,15,205.2
21,3,72.9,4.05,3.9,138,3,224.85
22,3.9,52.2,0,3,120.8,0.9,180.8
23,2.1,49.05,0,3.9,118,2.1,175.15
24,3.9,40.95,19.8,3.9,108.8,6.9,184.25
25,0,57.15,19.8,0.9,125.2,6.9,209.95
26,3.9,52.2,1.8,6,119.2,2.1,185.2
27,3,67.95,0,3.9,135.2,0.9,210.95
28,3,44.1,12.15,3,112.8,5.1,180.15
29,3,63.9,0,3,128,0.9,198.8
30,3,48.15,1.8,6,115.2,3.9,178.05
31,3,53.1,5.85,2.1,126,3.9,193.95
32,3.9,48.15,0,6.9,121.2,0.9,181.05
33,2.1,35.1,23.85,3,109.2,9,182.25
34,5.1,40.95,1.8,6,115.2,3.9,172.95
35,3,36,30.15,5.1,106.8,11.1,192.15
36,2.1,49.05,4.05,2.1,116,5.1,178.4
37,5.1,73.8,26.1,5.1,136,9.9,256
38,5.1,66.15,13.95,3,135.2,6,229.4
39,3.9,49.05,23.85,3,115.2,8.1,203.1
40,2.1,57.15,0,3.9,129.2,0.9,193.25
41,5.1,34.2,23.85,2.1,101.2,9.9,176.35
42,3.9,49.05,23.85,6,120.8,11.1,214.7
43,6.9,61.2,34.2,5.1,128,12.9,248.3
44,6,50.85,0,9,115.2,0.9,181.95
45,3.9,35.1,5.85,3,112,3,162.85
46,3,45.9,5.85,3,117.2,3.9,178.85
47,3.9,30.15,31.95,5.1,100,15,186.1
48,3.9,34.2,22.05,3,106.8,6.9,176.85
49,0.9,31.05,5.85,3,106.8,5.1,152.7
50,3,54.9,26.1,3.9,126,12.9,226.8
51,0.9,81.9,0,0.9,144,3.9,231.6
52,3,40.05,0,3.9,114,0.9,161.85
53,8.1,49.95,1.8,6,118,5.1,188.95
54,3.9,40.95,18,3.9,112.8,9,188.55
55,2.1,54.9,13.95,3,120.8,6,200.75
56,5.1,39.15,23.85,6.9,110,9.9,194.9
57,3,43.2,26.1,3.9,115.2,9.9,201.3
58,3,36,12.15,3,105.2,6,165.35
59,3,37.8,22.05,0.9,105.2,9,177.95
60,2.1,59.85,16.2,2.1,127.2,6,213.45
61,3,72,13.95,3,136.8,6.9,235.65
62,6.9,54.9,0,8.1,123.2,2.1,195.2
63,3,36,16.2,3.9,108,6.9,174
64,3,59.85,18,6.9,122,6.9,216.65
65,6.9,54,0,6.9,119.2,0.9,187.9
66,3,44.1,23.85,3,116,12,201.95
67,2.1,66.15,0,3,130.8,3,205.05
68,3.9,40.05,19.8,5.1,114,9,191.85
69,2.1,50.85,8.1,3.9,123.2,6.9,195.05
70,3,48.15,0,3,120.8,2.1,177.05
71,5.1,52.2,40.05,5.1,116,15,233.45
72,2.1,55.8,23.85,3,124.8,9,218.55
73,5.1,55.8,8.1,3.9,121.2,3,197.1
74,3.9,36.9,22.05,2.1,108.8,6.9,180.65
75,3.9,62.1,0,2.1,130,0,198.1
76,3,59.85,0,3,128.8,0.9,195.55
77,3,44.1,26.1,2.1,107.2,12.9,195.4
78,5.1,52.2,8.1,3,114.8,3,186.2
79,8.1,50.85,12.15,9.9,120.8,5.1,206.9
80,3,58.95,0,3.9,125.2,3.9,194.95
81,3,55.8,18,2.1,121.2,5.1,205.2
82,3.9,44.1,4.05,3.9,114,0.9,170.85
83,3.9,53.1,8.1,3.9,122.8,2.1,193.9
84,2.1,63,13.95,3,126,5.1,213.15
85,3,71.1,4.05,3.9,138,2.1,222.15
86,2.1,54.9,13.95,3,124.8,6.9,205.65
87,0.9,58.05,4.05,0.9,120.8,0.9,185.6
88,9,52.2,27.9,5.1,116,11.1,221.3
89,5.1,45,22.05,6,111.2,9,198.35
90,3.9,82.8,0,5.1,147.2,0.9,239.9
91,3,44.1,1.8,3,113.2,2.1,167.2
92,3.9,44.1,34.2,3.9,114.8,12.9,213.8
93,5.1,57.15,5.85,9,129.2,3.9,210.2
94,3.9,40.95,1.8,6.9,112.8,5.1,171.45
95,3.9,64.8,22.05,2.1,128.8,9.9,231.55
96,2.1,40.05,18,5.1,108,6,179.25
97,3,72.9,0,2.1,132.8,5.1,215.9
98,0.9,49.05,4.05,3,123.2,5.1,185.3
99,5.1,40.95,12.15,8.1,115.2,3.9,185.4
100,3,49.05,30.15,3,122,12.9,220.1
101,6.9,58.95,5.85,3.9,126,3,204.6
102,3,50.85,18,3.9,117.2,6.9,199.85
103,3.9,49.95,16.2,5.1,114.8,8.1,198.05
104,6,31.05,27.9,6.9,100,9,180.85
105,5.1,49.95,0,5.1,121.2,5.1,186.45
106,3.9,63.9,19.8,6,131.2,9.9,234.7
107,2.1,31.95,23.85,0,102.8,9.9,170.6
108,3,61.2,0,6,127.2,3.9,201.3
109,5.1,53.1,4.05,2.1,122.8,3,190.15
110,6,40.05,12.15,3.9,111.2,6.9,180.2
111,5.1,55.8,9.9,3.9,126,3.9,204.6
112,3,54,31.95,3,118,15.9,225.85
113,0,46.8,9.9,0.9,115.2,6,178.8
114,2.1,54.9,5.85,3.9,122.8,2.1,191.65
115,6,58.95,18,5.1,129.2,6,223.25
116,5.1,46.8,16.2,6,120.8,6,200.9
117,3,41.85,18,5.1,113.2,6.9,188.05
118,5.1,36.9,16.2,3.9,101.2,6,169.3
119,0.9,58.95,13.95,0,128,6,207.8
120,3.9,77.85,0,3.9,144.8,2.1,232.55
121,0.9,63.9,0,2.1,132,3.9,202.8
122,3,63.9,23.85,3,128.8,9.9,232.45
123,6,40.95,4.05,5.1,117.2,3,176.3
124,3.9,67.05,12.15,2.1,132.8,5.1,223.1
125,6,36.9,4.05,6,112,3.9,168.85
126,3,52.2,4.05,2.1,117.2,3.9,182.45
127,2.1,54,18,3,118,6.9,202
128,3.9,49.95,5.85,3,120,3,185.7
129,6,50.85,0,8.1,120.8,2.1,187.85
130,3,49.05,22.05,3.9,116.8,8.1,202.9
131,0.9,54.9,13.95,3,120.8,3.9,197.45
132,2.1,57.15,22.05,3,123.2,9.9,217.4
133,3,32.85,41.85,3,102,12,194.7
134,5.1,55.8,18,5.1,122.8,5.1,211.9
135,6,63.9,8.1,8.1,129.2,3.9,219.2
136,3,77.85,19.8,0.9,141.2,6.9,249.65
137,6,54,18,5.1,122.8,6,211.9
138,3,59.85,18,2.1,122.8,6,211.75
139,3.9,40.05,27.9,3,112.8,11.1,198.75
140,3,40.95,5.85,3.9,110,5.1,168.8
141,2.1,34.2,18,3,106,6.9,170.2
142,2.1,66.15,8.1,0.9,127.2,3,207.45
143,6,61.2,23.85,9,126,9,235.05
144,2.1,53.1,18,5.1,118.8,9.9,207
145,6,72,13.95,9.9,138,6.9,246.75
146,6.9,32.85,27.9,9.9,104.8,11.1,193.45
147,5.1,30.15,27.9,3.9,98.8,9,174.85
148,3.9,40.95,5.85,2.1,109.2,3,165
149,3,36.9,22.05,3.9,107.2,8.1,181.15
150,3.9,35.1,9.9,3.9,108.8,6,167.6
151,3.9,57.15,16.2,5.1,124.8,5.1,212.25
152,3.9,37.8,16.2,3.9,105.2,6,173
153,5.1,57.15,4.05,6.9,122.8,3,199
154,3,50.85,23.85,3.9,118.8,8.1,208.5
155,3.9,64.8,41.85,3,121.2,12.9,247.65
156,0.9,63,27.9,3,126,9,229.8
157,6.9,52.2,26.1,3.9,118,9,216.1
158,5.1,46.8,8.1,6,118.8,5.1,189.9
159,3.9,63.9,27.9,3.9,127.2,11.1,237.9
160,3.9,67.95,0,6,134,0.9,212.75
161,5.1,63,0,6,125.2,3,202.3
162,6,52.2,12.15,6,119.2,6,201.55
163,5.1,57.15,31.95,3.9,118.8,11.1,228
164,3,48.15,12.15,0.9,116.8,6.9,187.9
165,6,50.85,19.8,6,120.8,6,209.45
166,2.1,49.95,22.05,3.9,117.2,9,204.2
167,6.9,79.2,0,9.9,140.8,0,236.8
168,9,50.85,0,6.9,119.2,2.1,188.05
169,3,45,13.95,5.1,116,6.9,189.95
170,3.9,35.1,23.85,3,106,8.1,179.95
171,5.1,18,0,9.9,97.2,2.1,132.3
172,2.1,48.15,1.8,0.9,114,5.1,172.05
173,5.1,48.15,26.1,3.9,112,9,204.25
174,2.1,55.8,9.9,2.1,120.8,5.1,195.8
175,3.9,52.2,31.95,3.9,117.2,12,221.15
176,0.9,49.05,12.15,3,119.2,5.1,189.4
177,3,61.2,45.9,3.9,122,15.9,251.9
178,0.9,34.2,12.15,0.9,106.8,6.9,161.85
179,2.1,59.85,1.8,2.1,123.2,3,192.05
180,5.1,54,9.9,6,118,3.9,196.9
181,2.1,45.9,5.85,0.9,115.2,5.1,175.05
182,2.1,57.15,0,3,121.2,3,186.45
183,2.1,53.1,8.1,2.1,126.8,3.9,196.1
184,3.9,54,5.85,5.1,124.8,5.1,198.75
185,5.1,58.05,4.05,3.9,123.2,3.9,198.2
186,3,41.85,27.9,5.1,110,11.1,198.95
187,3.9,52.2,9.9,3.9,122,9,200.9
188,2.1,37.8,26.1,3.9,110.8,8.1,188.8
189,3,40.05,0,5.1,116,0.9,165.05
190,5.1,44.1,8.1,5.1,115.2,5.1,182.7
191,3,49.95,0,3,126,2.1,184.05
192,3.9,46.8,0,3.9,116,0.9,171.5
193,0.9,45,27.9,0,116,9,198.8
194,2.1,49.05,13.95,5.1,120,8.1,198.3
195,3.9,49.05,30.15,3,112,12.9,211
196,3,53.1,31.95,3,119.2,12,222.25
197,3.9,54.9,5.85,3,120.8,6,194.45
198,3.9,44.1,26.1,2.1,111.2,11.1,198.5
199,2.1,50.85,12.15,0.9,116,3.9,185.9
200,5.1,48.15,0,8.1,118.8,3,183.15
201,5.1,52.2,9.9,6.9,126,6,206.1
202,3,31.05,13.95,6.9,106,6,166.9
203,6,54.9,8.1,6,126,5.1,206.1
204,0.9,53.1,22.05,3,117.2,9,205.25
205,2.1,67.95,4.05,3.9,134,3,215
206,3.9,61.2,1.8,6.9,122,0,195.8
207,3,35.1,34.2,6,106.8,12,197.1
208,5.1,30.15,12.15,5.1,107.2,8.1,167.8
209,3,36,8.1,0,108.8,5.1,161
210,3,41.85,18,6,108,9,185.85
211,8.1,70.2,18,8.1,134.8,11.1,250.3
212,3.9,64.8,31.95,6.9,131.2,12,250.75
213,6,58.05,12.15,5.1,125.2,6.9,213.4
214,2.1,81.9,8.1,3.9,148.8,3,247.8
215,3,63.9,0,2.1,126.8,0,195.8
216,3.9,40.95,9.9,5.1,113.2,5.1,178.15
217,6,37.8,22.05,6.9,112.8,6.9,192.45
218,3.9,40.95,12.15,3,118,6.9,184.9
219,5.1,45.9,19.8,3.9,116.8,8.1,199.6
220,5.1,0.9,22.05,3.9,78,9,118.95
221,3.9,50.85,34.2,6,115.2,12.9,223.05
222,2.1,72,8.1,2.1,142,5.1,231.4
223,3.9,73.8,23.85,6,132.8,9,249.35
224,2.1,67.95,9.9,2.1,132.8,5.1,219.95
225,6,71.1,0,6,134.8,0,217.9
226,3,52.2,9.9,6,114.8,9,194.9
227,3.9,54.9,19.8,3,121.2,6.9,209.7
228,2.1,46.8,18,5.1,116,6,194
229,3.9,53.1,13.95,2.1,122.8,3.9,199.75
230,3.9,57.15,8.1,3.9,122.8,2.1,197.95
231,3.9,36,52.2,3.9,101.2,17.1,214.3
232,2.1,61.2,9.9,3.9,126.8,6.9,210.8
233,3.9,41.85,4.05,3,111.2,5.1,169.1
234,3,45,23.85,3,113.2,9,197.05
235,5.1,54.9,1.8,3,128,3,195.8
236,2.1,58.95,16.2,2.1,125.2,6.9,211.45
237,6,67.95,18,9.9,133.2,6.9,241.95
238,3.9,35.1,1.8,3.9,107.2,2.1,154
239,9,62.1,5.85,3.9,132.8,3.9,217.55
240,2.1,61.2,19.8,5.1,130,6.9,225.1
241,0,70.2,0,0.9,134,2.1,207.2
242,6,67.05,4.05,6,127.2,3,213.3
243,2.1,73.8,18,2.1,133.2,6,235.2
244,6.9,34.2,22.05,3.9,103.2,6.9,177.15
245,3,64.8,13.95,0.9,132.8,6,221.45
246,2.1,67.05,0,0.9,138,2.1,210.15
247,5.1,55.8,13.95,8.1,122,5.1,210.05
248,3.9,48.15,0,6.9,116.8,0.9,176.65
249,3,46.8,13.95,0.9,119.2,6,189.85
250,3.9,31.05,16.2,3.9,102.8,5.1,162.95
251,3.9,32.85,18,5.1,105.2,9,174.05
252,3,23.85,19.8,6,96.8,9,158.45
253,2.1,62.1,0,3,128.8,5.1,201.1
254,3,66.15,27.9,5.1,126,9.9,238.05
255,5.1,73.8,1.8,3.9,140.8,2.1,227.5
256,0.9,64.8,18,3,127.2,5.1,219
257,6,41.85,34.2,6.9,112,12,212.95
258,3.9,59.85,22.05,6,128,6.9,226.7
259,5.1,59.85,0,5.1,128.8,2.1,200.95
260,3,59.85,36,5.1,126.8,14.1,244.85
261,3.9,44.1,30.15,5.1,115.2,9.9,208.35
262,6,36.9,16.2,5.1,106.8,6,177
263,3.9,30.15,36,5.1,98,11.1,184.25
264,3.9,79.2,16.2,3,143.2,6,251.5
265,0.9,50.85,5.85,0.9,120,3.9,182.4
266,3.9,54.9,0,8.1,127.2,2.1,196.2
267,6,55.8,4.05,5.1,125.2,2.1,198.25
268,6.9,49.05,0,3,120.8,2.1,181.85
269,5.1,49.95,13.95,3,116.8,6.9,195.7
270,2.1,61.2,4.05,3,134.8,3.9,209.05
271,9.9,63,5.85,5.1,129.2,3.9,216.95
272,2.1,84.15,0,3,146.8,3.9,239.95
273,2.1,55.8,9.9,3,121.2,3,195
274,2.1,59.85,0,0.9,128,3,193.85
275,2.1,61.2,27.9,2.1,120,9,222.3
276,3,67.95,4.05,5.1,134,0.9,215
277,3,58.05,9.9,2.1,122,5.1,200.15
278,3.9,53.1,13.95,2.1,118.8,5.1,196.95
279,3.9,57.15,16.2,6.9,122,5.1,211.25
280,5.1,59.85,0,6,134,3,207.95
281,0.9,43.2,1.8,3,110.8,2.1,161.8
282,3.9,59.85,0,6,126,2.1,197.85
283,2.1,72,19.8,5.1,133.2,6.9,239.1
284,6.9,49.05,49.95,6,116,17.1,245
285,3,31.95,30.15,2.1,104.8,11.1,183.1
286,0.9,63,18,3,129.2,5.1,219.2
287,5.1,31.95,30.15,2.1,105.2,11.1,185.6
288,3.9,48.15,0,5.1,118,2.1,177.25
289,6.9,76.95,16.2,6,135.2,8.1,249.35
290,6,53.1,22.05,3.9,117.2,12.9,215.15
291,2.1,44.1,5.85,2.1,117.2,5.1,176.45
292,5.1,57.15,1.8,3,124,2.1,193.15
293,3.9,58.95,16.2,6,124.8,6.9,216.75
294,0.9,48.15,26.1,3,118.8,11.1,208.05
295,0.9,48.15,13.95,2.1,118.8,3.9,187.8
296,3.9,48.15,22.05,3,117.2,11.1,205.4
297,5.1,55.8,12.15,3.9,122.8,3.9,203.65
298,3.9,72.9,13.95,3,132,6,231.75
299,3.9,53.1,12.15,3.9,117.2,5.1,195.35
300,5.1,52.2,0,6,122.8,3,189.1
301,5.1,73.8,12.15,8.1,130.8,6.9,236.85
302,3,58.05,9.9,3,126,3.9,203.85
303,6.9,45.9,5.85,6.9,110.8,6.9,183.25
304,5.1,72,16.2,3,139.2,6.9,242.4
305,3.9,40.95,0,6.9,117.2,3,171.95
306,3.9,54.9,12.15,5.1,126,8.1,210.15
307,3,48.15,8.1,3,120,2.1,184.35
308,3,64.8,13.95,3,132,3.9,220.65
309,2.1,73.8,19.8,0.9,136.8,9,242.4
310,8.1,64.8,16.2,6,128.8,8.1,232
311,5.1,40.95,0,3.9,110.8,0.9,161.65
312,5.1,58.05,13.95,6,120.8,5.1,209
313,3.9,52.2,16.2,5.1,116,6.9,200.3
314,2.1,44.1,0,3,109.2,3.9,162.3
315,5.1,49.95,4.05,8.1,120,0.9,188.1
316,6,58.05,5.85,6,125.2,3,204.1
317,3,59.85,27.9,6,120,8.1,224.85
318,2.1,58.05,0,2.1,128,3,193.25
319,5.1,57.15,0,5.1,126,3.9,197.25
320,5.1,43.2,4.05,6.9,112.8,0.9,172.95
321,0.9,63.9,8.1,3,128.8,3,207.7
322,3,54,0,2.1,124,0,183.1
323,3,61.2,12.15,6,124,6,212.35
324,5.1,41.85,4.05,3.9,111.2,2.1,168.2
325,5.1,49.05,0,3.9,117.2,3,178.25
326,3,54,12.15,5.1,124,6,204.25
327,3,10.8,37.8,5.1,86,14.1,156.8
328,6,41.85,19.8,5.1,112.8,6.9,192.45
329,5.1,71.1,5.85,2.1,135.2,6,225.35
330,3.9,52.2,12.15,3.9,120.8,6,198.95
331,2.1,46.8,5.85,3,120.8,6,184.55
332,3.9,52.2,12.15,3.9,124.8,6,202.95
333,5.1,64.8,13.95,3.9,129.2,6.9,223.85
334,6.9,59.85,13.95,8.1,128,8.1,224.9
335,5.1,45.9,0,8.1,117.2,2.1,178.4
336,6,40.05,23.85,9.9,111.2,9.9,200.9
337,3.9,49.05,13.95,3,122,6,197.9
338,6.9,52.2,23.85,3.9,120,6.9,213.75
339,2.1,77.85,9.9,3.9,144,6.9,244.65
340,8.1,54.9,0,6,120,0.9,189.9
341,3,27.9,4.05,0.9,106,6,147.85
342,0.9,57.15,0,0,125.2,3.9,187.15
343,3,49.95,18,3.9,120.8,9,204.65
344,5.1,66.15,18,8.1,132,9.9,239.25
345,3,40.05,16.2,5.1,106.8,6.9,178.05
346,3,58.05,19.8,5.1,122,8.1,216.05
347,6,61.2,0,3.9,128,3,202.1
348,0.9,61.2,12.15,3,132.8,8.1,218.15
349,3,53.1,13.95,3,119.2,6.9,199.15
350,3.9,44.1,12.15,2.1,117.2,5.1,184.55
351,5.1,46.8,22.05,3,114.8,8.1,199.85
352,3,58.95,18,3,120.8,6.9,210.65
353,0.9,44.1,9.9,3,114,6,177.9
354,3.9,62.1,12.15,6,126.8,6,216.95
355,3.9,66.15,34.2,3.9,125.2,11.1,244.45
356,3,36,30.15,2.1,104.8,11.1,187.15
357,5.1,63.9,4.05,6,128.8,0.9,208.75
358,3.9,58.05,9.9,5.1,128,3,207.95
359,6,59.85,4.05,6.9,127.2,2.1,206.1
360,9,52.2,12.15,6,122.8,6,208.15
361,6,59.85,0,6,129.2,0.9,201.95
362,0,36.9,5.85,0.9,110.8,5.1,159.55
363,3.9,45.9,18,2.1,118,9,196.9
364,5.1,52.2,22.05,6.9,121.2,6.9,214.35
365,3,57.15,13.95,2.1,120.8,5.1,202.1
366,3,46.8,9.9,2.1,117.2,3.9,182.9
367,2.1,49.95,13.95,3,119.2,3.9,192.1
368,6.9,55.8,18,6,121.2,8.1,216
369,3.9,49.95,0,3.9,122.8,3,183.55
370,5.1,41.85,1.8,2.1,110,2.1,162.95
371,6,76.95,0,5.1,140,0,228.05
372,3.9,46.8,13.95,3,120.8,8.1,196.55
373,3.9,77.85,12.15,6,138.8,3.9,242.6
374,5.1,59.85,30.15,3.9,122,12,233
375,3.9,53.1,0,3.9,120,3,183.9
376,2.1,40.95,19.8,5.1,112.8,6.9,187.65
377,2.1,63.9,0,2.1,128,3,199.1
378,3.9,61.2,30.15,6,124.8,12,238.05
379,3,49.05,0,5.1,116,2.1,175.25
380,5.1,27,31.95,6.9,97.2,12,180.15
381,5.1,59.85,0,6.9,131.2,2.1,205.15
382,3,40.05,18,5.1,110.8,6.9,183.85
383,2.1,45,22.05,3,114.8,6.9,193.85
384,0.9,62.1,12.15,2.1,130,6,213.25
385,2.1,48.15,0,3,120,0.9,174.15
386,2.1,49.95,12.15,5.1,118,6,193.3
387,2.1,66.15,13.95,0.9,134,6,223.1
388,5.1,41.85,27.9,8.1,110.8,9.9,203.65
389,3,45.9,26.1,6.9,116.8,12,210.7
390,3,49.05,4.05,3,117.2,2.1,178.4
391,2.1,35.1,5.85,3.9,106.8,2.1,155.85
392,0.9,28.8,22.05,0.9,98.8,9,160.45
393,3,45.9,0,3.9,116.8,0,169.6
394,3.9,58.95,16.2,6.9,128,11.1,225.05
395,3.9,55.8,0,2.1,118.8,0.9,181.5
396,5.1,59.85,0,3,130.8,0,198.75
397,3.9,46.8,18,5.1,114,6,193.8
398,0.9,54,16.2,3,122,8.1,204.2
399,3.9,67.05,1.8,3,134.8,3.9,214.45
400,3.9,57.15,8.1,3.9,125.2,3,201.25
401,6.9,52.2,13.95,9.9,116.8,5.1,204.85
402,3,67.05,26.1,6,126.8,11.1,240.05
403,6.9,55.8,18,8.1,128.8,9.9,227.5
404,6,36,1.8,2.1,108,2.1,156
405,3,45,0,3,114.8,3,168.8
406,2.1,58.95,1.8,3,126.8,3.9,196.55
407,5.1,21.15,4.05,8.1,97.2,2.1,137.7
408,0.9,36,13.95,3,110.8,6.9,171.55
409,3,49.05,5.85,5.1,118,3,184
410,3.9,66.15,23.85,0.9,130.8,8.1,233.7
411,3,58.05,0,3.9,129.2,0.9,195.05
412,2.1,63,0,0.9,132,0.9,198.9
413,2.1,67.95,0,3,136.8,0.9,210.75
414,5.1,36,4.05,8.1,104,2.1,159.35
415,2.1,67.05,1.8,0.9,131.2,2.1,205.15
416,3,44.1,30.15,5.1,107.2,11.1,200.65
417,6,50.85,4.05,2.1,124.8,3,190.8
418,2.1,46.8,1.8,2.1,120,2.1,174.9
419,3.9,36.9,36,6.9,108.8,14.1,206.6
420,6,25.2,31.95,6,94.8,12,175.95
421,5.1,31.05,16.2,6.9,107.2,6,172.45
422,5.1,49.05,5.85,3.9,121.2,3.9,189
423,3.9,63,19.8,6.9,128.8,8.1,230.5
424,3,37.8,0,5.1,110.8,3,159.7
425,3.9,48.15,26.1,5.1,117.2,9.9,210.35
426,0.9,71.1,0,0.9,135.2,3,211.1
427,5.1,64.8,5.85,3,135.2,5.1,219.05
428,5.1,45,5.85,6,113.2,3.9,179.05
429,6.9,49.95,5.85,6,116.8,3,188.5
430,6,80.1,12.15,3.9,142.8,6,250.95
431,3.9,58.05,19.8,6.9,128,9.9,226.55
432,2.1,49.95,0,3.9,124,0.9,180.85
433,3,50.85,22.05,3.9,120,8.1,207.9
434,5.1,62.1,9.9,3,125.2,5.1,210.4
435,0.9,54.9,8.1,2.1,120.8,2.1,188.9
436,6,53.1,9.9,3,118,6.9,196.9
437,3.9,39.15,37.8,3.9,105.2,14.1,204.05
438,2.1,48.15,13.95,3,114.8,6,188
439,3,49.05,45.9,3.9,113.2,17.1,232.15
440,3.9,63,19.8,3.9,129.2,8.1,227.9
441,2.1,44.1,13.95,3,118,6.9,188.05
442,3,43.2,22.05,2.1,110,8.1,188.45
443,6,49.95,22.05,3,118.8,6.9,206.7
444,3.9,52.2,4.05,3.9,114,2.1,180.15
445,3,36,5.85,3.9,109.2,3.9,161.85
446,2.1,68.85,16.2,3,135.2,5.1,230.45
447,3,55.8,9.9,3,124.8,9,205.5
448,0.9,63.9,1.8,3,129.2,2.1,200.9
449,6.9,52.2,9.9,3,112,3,187
450,6.9,52.2,9.9,3.9,126,5.1,204
451,2.1,63,22.05,3,130,9,229.15
452,3,94.05,5.85,6,153.2,3,265.1
453,3.9,64.8,8.1,2.1,133.2,3,215.1
454,6.9,49.05,30.15,6,120,11.1,223.2
455,5.1,80.1,18,2.1,147.2,6.9,259.4
456,3.9,43.2,5.85,2.1,111.2,5.1,171.35
457,5.1,49.95,16.2,3.9,114.8,6.9,196.85
458,5.1,36,0,5.1,113.2,5.1,164.5
459,0,39.15,22.05,0.9,108.8,9,179.9
460,3.9,40.95,26.1,5.1,110,9,195.05
461,5.1,61.2,5.85,3,128.8,6,209.95
462,6,45,8.1,8.1,113.2,3,183.4
463,0.9,48.15,22.05,2.1,114.8,6.9,194.9
464,3,31.95,5.85,6,104.8,5.1,156.7
465,9.9,49.95,18,5.1,117.2,6,206.15
466,0,43.2,31.95,0,114.8,11.1,201.05
467,3,54,22.05,3,116,9,207.05
468,2.1,64.8,9.9,2.1,127.2,5.1,211.2
469,3.9,58.95,1.8,5.1,130,3.9,203.65
470,3,71.1,16.2,5.1,128,6,229.4
471,5.1,81.9,0,3.9,144,3.9,238.8
472,0.9,45.9,9.9,0.9,114.8,6.9,179.3
473,3.9,68.85,0,6,130.8,2.1,211.65
474,3.9,32.85,27.9,5.1,103.2,9,181.95
475,2.1,31.05,27.9,3,100.8,9,173.85
476,3.9,70.2,8.1,5.1,136.8,3,227.1
477,2.1,45,9.9,3,117.2,3.9,181.1
478,0.9,57.15,5.85,2.1,126.8,6.9,199.7
479,5.1,68.85,30.15,3.9,130.8,9,247.8
480,0.9,58.05,30.15,0.9,122,12.9,224.9
481,2.1,45,9.9,0,114,5.1,176.1
482,0.9,52.2,23.85,3,122,8.1,210.05
483,3.9,62.1,4.05,2.1,131.2,3,206.35
484,5.1,43.2,23.85,2.1,115.2,9,198.45
485,3,30.15,0,3,106.8,5.1,148.05
486,3,31.95,0,5.1,104.8,2.1,146.95
487,5.1,53.1,5.85,3.9,126.8,3,197.75
488,3,43.2,26.1,3,112.8,9,197.1
489,0.9,61.2,8.1,0.9,124,3.9,199
490,2.1,49.95,9.9,3,118.8,6.9,190.65
491,6,53.1,23.85,2.1,118.8,8.1,211.95
492,3.9,62.1,0,3.9,124.8,3.9,198.6
493,5.1,35.1,1.8,8.1,108.8,0,158.9
494,3.9,55.8,36,2.1,120,14.1,231.9
495,3.9,50.85,13.95,3.9,119.2,6,197.8
496,5.1,40.05,13.95,6,112,6.9,184
497,3.9,57.15,12.15,5.1,125.2,6.9,210.4
498,3.9,25.2,0,3,101.2,0.9,134.2
499,3.9,49.95,26.1,3.9,115.2,8.1,207.15
500,6,67.05,1.8,5.1,136.8,3,219.75
501,3.9,48.15,4.05,6,117.2,0.9,180.2
502,5.1,54,0,5.1,120,0.9,185.1
503,6.9,49.05,34.2,5.1,115.2,9.9,220.35
504,5.1,57.15,23.85,3,118.8,8.1,216
505,5.1,54.9,27.9,6,123.2,9.9,227
506,2.1,28.8,30.15,2.1,100.8,11.1,175.05
507,2.1,62.1,22.05,3,125.2,8.1,222.55
508,2.1,48.15,23.85,3.9,114,8.1,200.1
509,3,44.1,1.8,5.1,118,2.1,174.1
510,3.9,70.2,23.85,6,130.8,8.1,242.85
511,2.1,53.1,18,3,118.8,8.1,203.1
512,5.1,40.05,4.05,6.9,108.8,3,167.9
513,3,75.15,0,3,132.8,0,213.95
514,2.1,41.85,0,3,116.8,3.9,167.65
515,3.9,67.05,16.2,3.9,129.2,6.9,227.15
516,6,40.05,12.15,3,109.2,3.9,174.3
517,3.9,31.95,0,3,106.8,2.1,147.75
518,3.9,45.9,0,5.1,119.2,0.9,175
519,3,43.2,1.8,3,112.8,2.1,165.9
520,5.1,48.15,26.1,3.9,112,8.1,203.35
521,5.1,45.9,31.95,5.1,109.2,9.9,207.15
522,3.9,63.9,19.8,3,134.8,8.1,233.5
523,3.9,31.05,9.9,3.9,99.2,6.9,154.85
524,3.9,52.2,5.85,3.9,122.8,3,191.65
525,3,58.95,16.2,2.1,128,9,217.25
526,5.1,53.1,12.15,5.1,124,5.1,204.55
527,3.9,46.8,16.2,6.9,114,6,193.8
528,3.9,63,0,6,129.2,0.9,203
529,5.1,43.2,1.8,3.9,117.2,3,174.2
530,5.1,64.8,0,6,132.8,2.1,210.8
531,3.9,90,8.1,2.1,149.2,3,256.3
532,8.1,27,5.85,6.9,96,2.1,145.95
533,0.9,58.05,1.8,0.9,121.2,2.1,184.95
534,3.9,81.9,26.1,6,139.2,11.1,268.2
535,3,36.9,22.05,0.9,108,9,179.85
536,3,63,4.05,5.1,129.2,0.9,205.25
537,3.9,43.2,30.15,3,115.2,9.9,205.35
538,3,57.15,18,0.9,120,8.1,207.15
539,3.9,49.95,8.1,8.1,120,2.1,192.15
540,3,44.1,0,3,110.8,2.1,163
541,5.1,40.05,18,3.9,112,6.9,185.95
542,3.9,58.05,0,6,127.2,2.1,197.25
543,3.9,41.85,18,3.9,108,6.9,182.55
544,0.9,55.8,1.8,3,128,3,192.5
545,3.9,66.15,34.2,2.1,131.2,11.1,248.65
546,5.1,54,8.1,3.9,126,3,200.1
547,0.9,64.8,16.2,3,134,8.1,227
548,0,67.95,0,0.9,131.2,0.9,200.95
549,3.9,54,13.95,6,120,5.1,202.95
550,6,75.15,13.95,2.1,138.8,5.1,241.1
551,2.1,63.9,18,0.9,132,6.9,223.8
552,6.9,36,8.1,3.9,108.8,2.1,165.8
553,6.9,50.85,12.15,5.1,118,6.9,199.9
554,5.1,44.1,31.95,6,108,12,207.15
555,3,43.2,9.9,5.1,114,5.1,180.3
556,3,58.05,19.8,3,128,11.1,222.95
557,3,28.8,5.85,2.1,100.8,3,143.55
558,6,70.2,0,3.9,134,3.9,218
559,6,63,13.95,5.1,129.2,9,226.25
560,3,49.95,37.8,6.9,115.2,14.1,226.95
561,6.9,75.15,0,9.9,136.8,3.9,232.65
562,3,44.1,19.8,5.1,115.2,9,196.2
563,3,31.05,8.1,0.9,103.2,6,152.25
564,5.1,58.05,9.9,3.9,124,5.1,206.05
565,3,40.95,30.15,3.9,110.8,11.1,199.9
566,2.1,48.15,16.2,3.9,119.2,6.9,196.45
567,0.9,50.85,23.85,0.9,117.2,8.1,201.8
568,3.9,43.2,26.1,6,108.8,12,200
569,3.9,58.05,31.95,6,128.8,9.9,238.6
570,5.1,45.9,12.15,5.1,117.2,5.1,190.55
571,6,52.2,26.1,6,117.2,11.1,218.6
572,3.9,39.15,13.95,5.1,108,5.1,175.2
573,0.9,54.9,16.2,3,122.8,9,206.8
574,6,59.85,9.9,6,121.2,3.9,206.85
575,2.1,50.85,18,5.1,116,9,201.05
576,6,63,26.1,5.1,123.2,9.9,233.3
577,3,81,0,6.9,148,0,238.9
578,6,44.1,31.95,9,110.8,11.1,212.95
579,0.9,31.95,0,3,107.2,5.1,148.15
580,3,81,9.9,3,147.2,3.9,248
581,5.1,37.8,19.8,6,110.8,9.9,189.4
582,3.9,55.8,9.9,3.9,123.2,6,202.7
583,5.1,49.95,4.05,6,119.2,3,187.3
584,3,54,18,5.1,119.2,5.1,204.4
585,3.9,55.8,30.15,6,113.2,9.9,218.95
586,3,54.9,12.15,6,122.8,5.1,203.95
587,2.1,53.1,18,2.1,120,8.1,203.4
588,6,52.2,22.05,6,122,9,217.25
589,2.1,58.95,16.2,3.9,128,6,215.15
590,0.9,48.15,4.05,0.9,121.2,0.9,176.1
591,2.1,31.95,16.2,2.1,102.8,6,161.15
592,3,67.95,18,6.9,134.8,6,236.65
593,3.9,62.1,0,3.9,122.8,3,195.7
594,2.1,58.95,13.95,3,122,6.9,206.9
595,3,49.95,22.05,3.9,122,9,209.9
596,2.1,49.95,8.1,3,118.8,3.9,185.85
597,5.1,49.95,18,5.1,118,12,208.15
598,3,49.05,5.85,3,122,5.1,188
599,0.9,67.95,0,2.1,134,2.1,207.05
600,3,48.15,0,6.9,119.2,0.9,178.15
601,6,63.9,0,5.1,126,0,201
602,0.9,44.1,16.2,0.9,116,8.1,186.2
603,5.1,58.95,48.15,3.9,115.2,15,246.3
604,5.1,44.1,41.85,6.9,106.8,14.1,218.85
605,3.9,54,0,6,122.8,2.1,188.8
606,3.9,63.9,9.9,3.9,135.2,6,222.8
607,9.9,81.9,13.95,8.1,140,3.9,257.75
608,2.1,48.15,4.05,3.9,116,5.1,179.3
609,2.1,44.1,27.9,3.9,114,8.1,200.1
610,3,34.2,16.2,3.9,109.2,6,172.5
611,2.1,54,9.9,2.1,124.8,6,198.9
612,3,59.85,0,6,133.2,0,202.05
613,3,52.2,4.05,6,124,3,192.25
614,0.9,26.1,16.2,0.9,101.2,5.1,150.4
615,6.9,46.8,0,6,118.8,3,181.5
616,3,40.05,27.9,3.9,114.8,9.9,199.55
617,5.1,44.1,22.05,3.9,113.2,9,197.35
618,2.1,49.95,8.1,0.9,120,5.1,186.15
619,3,43.2,26.1,3,112,11.1,198.4
620,5.1,31.95,22.05,3,104,9.9,176
621,3.9,44.1,8.1,6.9,116,6,185
622,3.9,48.15,18,5.1,119.2,6,200.35
623,3.9,54.9,12.15,9,124.8,6,210.75
624,8.1,37.8,0,3.9,108,0.9,158.7
625,3,43.2,30.15,5.1,108.8,9,199.25
626,3,59.85,1.8,3,130,0.9,198.55
627,6,71.1,23.85,3.9,133.2,9.9,247.95
628,3,31.05,30.15,3.9,106,11.1,185.2
629,5.1,48.15,9.9,3,119.2,3,188.35
630,0.9,54.9,16.2,2.1,121.2,6.9,202.2
631,5.1,49.95,0,9,117.2,2.1,183.35
632,3.9,62.1,23.85,6.9,132,11.1,239.85
633,5.1,43.2,0,6.9,112.8,0,168
634,6,72.9,18,6.9,138,9,250.8
635,5.1,32.85,19.8,3,104,9.9,174.65
636,3,52.2,26.1,5.1,122,12,220.4
637,3.9,63,8.1,6,124.8,5.1,210.9
638,3.9,46.8,12.15,3.9,119.2,6.9,192.85
639,6.9,61.2,27.9,8.1,123.2,9,236.3
640,2.1,46.8,0,0,116,3,167.9
641,3,40.05,4.05,5.1,112,0.9,165.1
642,0.9,44.1,26.1,0,114.8,11.1,197
643,3,36.9,23.85,0.9,110,9.9,184.55
644,3.9,40.05,4.05,6,115.2,0.9,170.1
645,3,32.85,19.8,6,110,9,180.65
646,6.9,35.1,19.8,8.1,110,8.1,188
647,2.1,58.95,8.1,3,128,3.9,204.05
648,2.1,37.8,36,0.9,103.2,14.1,194.1
649,3,45.9,16.2,3,117.2,5.1,190.4
650,5.1,55.8,22.05,6,124,9,221.95
651,2.1,63.9,9.9,3.9,126.8,3,209.6
652,3,58.95,13.95,3,131.2,3.9,214
653,9,28.8,19.8,12,100,6.9,176.5
654,3,54.9,1.8,2.1,123.2,3.9,188.9
655,3.9,54.9,4.05,5.1,124.8,3.9,196.65
656,5.1,62.1,0,6,132.8,0.9,206.9
657,3,70.2,22.05,3,127.2,6.9,232.35
658,5.1,48.15,13.95,5.1,110,6,188.3
659,2.1,59.85,13.95,2.1,120.8,6,204.8
660,0.9,46.8,13.95,0,114.8,6.9,183.35
661,5.1,44.1,22.05,2.1,112,8.1,193.45
662,3,55.8,9.9,2.1,125.2,3,199
663,2.1,70.2,0,5.1,134,0.9,212.3
664,5.1,79.2,23.85,6,138,9,261.15
665,8.1,46.8,18,9.9,112,6.9,201.7
666,3.9,45.9,36,3.9,113.2,11.1,214
667,3,52.2,19.8,0.9,120,6,201.9
668,3,36.9,27.9,5.1,108,9,189.9
669,3,62.1,18,3,128.8,6.9,221.8
670,2.1,46.8,8.1,2.1,116,3,178.1
671,9,39.15,8.1,6.9,114,6,183.15
672,3.9,71.1,4.05,3,138.8,3.9,224.75
673,3.9,45,13.95,8.1,116.8,6,193.75
674,2.1,46.8,8.1,0.9,114.8,3,175.7
675,6,40.95,12.15,8.1,109.2,5.1,181.5
676,2.1,50.85,0,3,119.2,0.9,176.05
677,3.9,30.15,0,6.9,106.8,3,150.75
678,2.1,37.8,12.15,2.1,110.8,6,170.95
679,3.9,58.05,0,2.1,128.8,2.1,194.95
680,2.1,46.8,19.8,3,111.2,6.9,189.8
681,2.1,61.2,22.05,3,125.2,8.1,221.65
682,2.1,67.05,26.1,2.1,130.8,9.9,238.05
683,3,59.85,27.9,3,126,9,228.75
684,0.9,36,9.9,3,111.2,5.1,166.1
685,3.9,58.95,12.15,5.1,123.2,6.9,210.2
686,3,41.85,22.05,3.9,112.8,9.9,193.5
687,6,41.85,5.85,3,106.8,3.9,167.4
688,3.9,31.95,0,3,104.8,2.1,145.75
689,3,45,0,6,113.2,3,170.2
690,2.1,36.9,5.85,3,107.2,3.9,158.95
691,5.1,45.9,1.8,3.9,116,0.9,173.6
692,3.9,59.85,19.8,3,126,8.1,220.65
693,0.9,37.8,5.85,3,114.8,6,168.35
694,3,67.05,26.1,6,132.8,9.9,244.85
695,2.1,40.95,5.85,2.1,114.8,3,168.8
696,0.9,46.8,0,0.9,120,0,168.6
697,3.9,72,0,6,134,2.1,218
698,3.9,45,19.8,6,112,8.1,194.8
699,3.9,58.05,16.2,3.9,126,6,214.05
700,5.1,58.95,1.8,6,126,2.1,199.95
701,3,58.05,5.85,5.1,126.8,5.1,203.9
702,6,53.1,5.85,3.9,124,3,195.85
703,0.9,54.9,0,0.9,128.8,3.9,189.4
704,3.9,41.85,5.85,5.1,116,3,175.7
705,3.9,59.85,13.95,2.1,122,6.9,208.7
706,3,45.9,8.1,3,110.8,3.9,174.7
707,3,49.95,0,3.9,121.2,2.1,180.15
708,0.9,40.05,37.8,3,110,15.9,207.65
709,5.1,36.9,0,5.1,111.2,2.1,160.4
710,2.1,39.15,5.85,3.9,111.2,3.9,166.1
711,6.9,46.8,9.9,5.1,116,3.9,188.6
712,5.1,49.95,12.15,2.1,120.8,9,199.1
713,8.1,40.95,9.9,6,113.2,3.9,182.05
714,2.1,41.85,1.8,5.1,112,3.9,166.75
715,3.9,37.8,1.8,5.1,107.2,3,158.8
716,5.1,59.85,8.1,0.9,128,5.1,207.05
717,0.9,45.9,0,0.9,114,0.9,162.6
718,6,36,8.1,8.1,108,3.9,170.1
719,2.1,46.8,5.85,5.1,116,2.1,177.95
720,2.1,45,8.1,5.1,122,5.1,187.4
721,3,39.15,8.1,3,108.8,3,165.05
722,3,53.1,13.95,3.9,124,8.1,206.05
723,8.1,63,0,3,123.2,0,197.3
724,0.9,57.15,9.9,0,128,5.1,201.05
725,3,59.85,23.85,5.1,122.8,9,223.6
726,3.9,12.15,22.05,3.9,88.8,6.9,137.7
727,3.9,85.95,0,3.9,151.2,3.9,248.85
728,6.9,67.95,0,5.1,132,0.9,212.85
729,3.9,43.2,9.9,6,110,3.9,176.9
730,2.1,32.85,22.05,0.9,102,9,168.9
731,3.9,55.8,40.05,6.9,125.2,15.9,247.75
732,0,35.1,18,0,108,8.1,169.2
733,3,46.8,4.05,3,117.2,2.1,176.15
734,3,45.9,8.1,3.9,116,2.1,179
735,6,68.85,16.2,6,132,6.9,235.95
736,3.9,49.95,12.15,3.9,120,9,198.9
737,3,49.95,9.9,3.9,120,3.9,190.65
738,3,40.05,13.95,2.1,110.8,6,175.9
739,3,57.15,0,3.9,126.8,2.1,192.95
740,3.9,93.15,8.1,6,152,3,266.15
741,5.1,53.1,13.95,6,119.2,5.1,202.45
742,5.1,54.9,9.9,9.9,127.2,3,210
743,3,48.15,16.2,3,122,8.1,200.45
744,3.9,49.05,9.9,6,120.8,5.1,194.75
745,0.9,48.15,0,3,113.2,2.1,167.35
746,3,49.05,0,3,119.2,3,177.25
747,2.1,59.85,4.05,5.1,129.2,2.1,202.4
748,3,27,0,0.9,102,6,138.9
749,0.9,67.05,30.15,0.9,125.2,12,236.2
750,3.9,48.15,5.85,5.1,120,9.9,192.9
751,5.1,27.9,37.8,0.9,99.2,12,182.9
752,3,63.9,0,2.1,134,0,203
753,3.9,37.8,18,9,108.8,9.9,187.4
754,2.1,48.15,13.95,5.1,115.2,6,190.5
755,5.1,43.2,31.95,3,108,11.1,202.35
756,3.9,40.05,22.05,3.9,109.2,6,185.1
757,3,58.95,0,5.1,130.8,0.9,198.75
758,3,63,0,0.9,127.2,0.9,195
759,3,64.8,27.9,3,124.8,14.1,237.6
760,2.1,31.05,22.05,3,106,6.9,171.1
761,3,62.1,1.8,5.1,126,0.9,198.9
762,0.9,63.9,9.9,3,128,5.1,210.8
763,3,22.95,16.2,3.9,96.8,9,151.85
764,3,58.05,16.2,3,124.8,6.9,211.95
765,0.9,45,13.95,0.9,117.2,5.1,183.05
766,3.9,68.85,0,5.1,141.2,2.1,221.15
767,0.9,67.05,0,2.1,138,3.9,211.95
768,3,50.85,26.1,3.9,118,11.1,212.95
769,3.9,31.05,8.1,8.1,102,2.1,155.25
770,3.9,67.05,9.9,3.9,134.8,6.9,226.45
771,3,50.85,13.95,2.1,116,3.9,189.8
772,3.9,52.2,26.1,5.1,116,9.9,213.2
773,2.1,40.95,30.15,0,117.2,9.9,200.3
774,5.1,45.9,12.15,9,116,6,194.15
775,5.1,40.95,12.15,3.9,109.2,5.1,176.4
776,3,59.85,5.85,3.9,125.2,2.1,199.9
777,3,45,18,5.1,115.2,6.9,193.2
778,3,68.85,0,3.9,136,2.1,213.85
779,5.1,64.8,13.95,6,127.2,5.1,222.15
780,3,58.05,1.8,3.9,124,3,193.75
781,3.9,71.1,22.05,3,129.2,9,238.25
782,5.1,61.2,23.85,3.9,122,8.1,224.15
783,2.1,68.85,0,3,134.8,2.1,210.85
784,3,49.05,8.1,3,116,2.1,181.25
785,0.9,46.8,1.8,3,118.8,3,174.3
786,8.1,40.95,13.95,6.9,107.2,3.9,181
787,5.1,46.8,0,3.9,116.8,3.9,176.5
788,5.1,49.05,5.85,5.1,119.2,5.1,189.4
789,3.9,40.95,23.85,3.9,110.8,9.9,193.3
790,5.1,49.95,1.8,5.1,123.2,0.9,186.05
791,2.1,39.15,23.85,2.1,111.2,9,187.4
792,3,72,27.9,3,135.2,9,250.1
793,6.9,62.1,16.2,6.9,127.2,8.1,227.4
794,3.9,61.2,19.8,3,124.8,9,221.7
795,0.9,41.85,37.8,3,108,12.9,204.45
796,3.9,50.85,9.9,2.1,116.8,5.1,188.65
797,2.1,55.8,18,0,124.8,6,206.7
798,3,39.15,0,2.1,109.2,3,156.45
799,3,63.9,5.85,3.9,132,3.9,212.55
800,6.9,49.95,18,9.9,118,8.1,210.85
801,2.1,57.15,0,3.9,128.8,3,194.95
802,3.9,31.95,19.8,3.9,102.8,8.1,170.45
803,3,48.15,22.05,0.9,120,9,203.1
804,3,45.9,8.1,2.1,120,3.9,183
805,5.1,72,19.8,6.9,137.2,9,250
806,3,59.85,5.85,0.9,127.2,6,202.8
807,0.9,41.85,22.05,3,109.2,8.1,185.1
808,5.1,44.1,18,8.1,109.2,9,193.5
809,3.9,44.1,19.8,3.9,109.2,6,186.9
810,3,72,26.1,3.9,137.2,9.9,252.1
811,2.1,55.8,16.2,5.1,122,5.1,206.3
812,2.1,43.2,16.2,3,112,6.9,183.4
813,2.1,64.8,30.15,5.1,128.8,12,242.95
814,2.1,40.05,13.95,3,112,6.9,178
815,3.9,39.15,30.15,3,107.2,9.9,193.3
816,0.9,58.95,13.95,3,123.2,6,206
817,3,55.8,13.95,3.9,120,8.1,204.75
818,3.9,30.15,18,3,103.2,5.1,163.35
819,5.1,36,41.85,8.1,110,15.9,216.95
820,3.9,63,0,3.9,134,2.1,206.9
821,0.9,62.1,18,2.1,126.8,5.1,215
822,6,45,19.8,6,115.2,9,201
823,3.9,44.1,19.8,3,113.2,9.9,193.9
824,2.1,40.95,8.1,3.9,112.8,3,170.85
825,2.1,44.1,36,2.1,110,15,209.3
826,2.1,58.05,5.85,3.9,130.8,5.1,205.8
827,3.9,30.15,5.85,3,110,5.1,158
828,6.9,59.85,26.1,6,126,9,233.85
829,3.9,45.9,22.05,3,120,8.1,202.95
830,8.1,64.8,16.2,6,130.8,6.9,232.8
831,9,61.2,1.8,8.1,128,3.9,212
832,6.9,59.85,12.15,8.1,124.8,8.1,219.9
833,0.9,64.8,16.2,0.9,134,5.1,221.9
834,3.9,44.1,26.1,6.9,112.8,9.9,203.7
835,5.1,66.15,16.2,5.1,127.2,5.1,224.85
836,3.9,68.85,13.95,6,123.2,5.1,221
837,5.1,67.95,27.9,3.9,132.8,11.1,248.75
838,5.1,55.8,22.05,6.9,119.2,11.1,220.15
839,3.9,44.1,8.1,3.9,114,5.1,179.1
840,3,49.95,8.1,3.9,122,5.1,192.05
841,3.9,40.95,23.85,6,109.2,9,192.9
842,3.9,63,40.05,3.9,127.2,12,250.05
843,6,63.9,9.9,3.9,125.2,6,214.9
844,3.9,58.05,1.8,2.1,126.8,2.1,194.75
845,3,30.15,22.05,3,104,9,171.2
846,2.1,52.2,9.9,3,118,6.9,192.1
847,0.9,43.2,27.9,3,112.8,11.1,198.9
848,3,58.95,0,3,125.2,2.1,192.25
849,6,46.8,18,3.9,109.2,6.9,190.8
850,2.1,57.15,19.8,0,120.8,12,211.85
851,9,64.8,18,6.9,130.8,6.9,236.4
852,2.1,50.85,16.2,3,119.2,6.9,198.25
853,6.9,45.9,0,6,120,3,181.8
854,3.9,70.2,0,5.1,133.2,0.9,213.3
855,5.1,36.9,5.85,3.9,107.2,3,161.95
856,5.1,61.2,16.2,3,126,6.9,218.4
857,3.9,82.8,0,6.9,150.8,3,247.4
858,2.1,64.8,5.85,3,126.8,2.1,204.65
859,3.9,52.2,1.8,0.9,123.2,0.9,182.9
860,2.1,43.2,18,5.1,105.2,8.1,181.7
861,5.1,31.95,9.9,3,104,6,159.95
862,3.9,53.1,16.2,3.9,120.8,8.1,206
863,0.9,61.2,4.05,2.1,126.8,3,198.05
864,3.9,61.2,18,0.9,125.2,6,215.2
865,3.9,36,4.05,5.1,104.8,2.1,155.95
866,3.9,45.9,0,5.1,115.2,3.9,174
867,0.9,49.05,19.8,3,116.8,6.9,196.45
868,0.9,44.1,1.8,3,119.2,2.1,171.1
869,3.9,58.05,16.2,3.9,120.8,6,208.85
870,3,59.85,27.9,3.9,125.2,9.9,229.75
871,5.1,43.2,12.15,2.1,112,5.1,179.65
872,5.1,58.95,12.15,6.9,124.8,3.9,211.8
873,5.1,71.1,13.95,3,134,6,233.15
874,3.9,49.05,0,5.1,124.8,2.1,184.95
875,0.9,36.9,19.8,2.1,110.8,6.9,177.4
876,3,41.85,12.15,3,112.8,5.1,177.9
877,3,67.95,9.9,3.9,130.8,6,221.55
878,3.9,36.9,9.9,5.1,108.8,5.1,169.7
879,3,45.9,9.9,5.1,115.2,9,188.1
880,2.1,59.85,13.95,2.1,128.8,6.9,213.7
881,3.9,58.05,31.95,6.9,122,9,231.8
882,3,73.8,5.85,5.1,136,3,226.75
883,3,49.95,5.85,6.9,118,3.9,187.6
884,6,70.2,0,3.9,140,2.1,222.2
885,3,66.15,0,2.1,131.2,2.1,204.55
886,5.1,54.9,13.95,0,124,6.9,204.85
887,3,67.95,0,3.9,136,2.1,212.95
888,0.9,55.8,4.05,2.1,122,5.1,189.95
889,3,52.2,16.2,3.9,120,6,201.3
890,3,48.15,16.2,5.1,114,6,192.45
891,2.1,37.8,16.2,3.9,108.8,6,174.8
892,6,49.95,5.85,6.9,118.8,3,190.5
893,6.9,58.95,13.95,6,123.2,9,218
894,0.9,67.05,0,0.9,132,0.9,201.75
895,5.1,54,13.95,5.1,122,6,206.15
896,3.9,35.1,0,3,110.8,0.9,153.7
897,5.1,36,8.1,6,111.2,3,169.4
898,2.1,32.85,5.85,3,110.8,2.1,156.7
899,3.9,64.8,16.2,6,128,8.1,227
900,3.9,63,5.85,3.9,131.2,2.1,209.95
901,3,54.9,5.85,5.1,126,3,197.85
902,3,63,22.05,2.1,123.2,11.1,224.45
903,3,40.95,0,5.1,112.8,2.1,163.95
904,3.9,63,16.2,3.9,132,6,225
905,3.9,40.05,8.1,3.9,106.8,3,165.75
906,5.1,44.1,12.15,3.9,110.8,3.9,179.95
907,5.1,44.1,19.8,2.1,112,8.1,191.2
908,3.9,37.8,8.1,3,107.2,5.1,165.1
909,2.1,37.8,18,3,109.2,9,179.1
910,3.9,67.95,0,6,132.8,3,213.65
911,3,50.85,22.05,2.1,119.2,8.1,205.3
912,2.1,40.05,18,2.1,107.2,8.1,177.55
913,6,52.2,9.9,6,122.8,3.9,200.8
914,0,58.05,13.95,0.9,127.2,3.9,204
915,6,58.05,12.15,6.9,120,3.9,207
916,0.9,63.9,9.9,3,130,3.9,211.6
917,6,62.1,13.95,2.1,128,5.1,217.25
918,3,35.1,34.2,5.1,107.2,11.1,195.7
919,5.1,39.15,36,3,109.2,14.1,206.55
920,6,39.15,27.9,5.1,106,8.1,192.25
921,5.1,49.05,23.85,2.1,117.2,9,206.3
922,3.9,43.2,12.15,3.9,109.2,6.9,179.25
923,3.9,58.05,8.1,3.9,124.8,3.9,202.65
924,2.1,58.95,0,0,126.8,2.1,189.95
925,0.9,37.8,41.85,3,108.8,12,204.35
926,6.9,50.85,0,11.1,118.8,0.9,188.55
927,5.1,34.2,8.1,9,106.8,3.9,167.1
928,3,34.2,16.2,0.9,104,6.9,165.2
929,5.1,40.95,23.85,3,111.2,6.9,191
930,3,49.05,12.15,5.1,118.8,5.1,193.2
931,3,43.2,22.05,3,110,8.1,189.35
932,3.9,54,0,6,120.8,0,184.7
933,6,54,4.05,8.1,122.8,2.1,197.05
934,2.1,44.1,0,2.1,115.2,2.1,165.6
935,6,49.95,26.1,3.9,118.8,9.9,214.65
936,3.9,79.2,27.9,3.9,138.8,9,262.7
937,0.9,54.9,0,0.9,126,0.9,183.6
938,0.9,66.15,0,3,131.2,0.9,202.15
939,3,45.9,16.2,3,113.2,6,187.3
940,5.1,50.85,1.8,6,118.8,3,185.55
941,3,59.85,0,3,130.8,0.9,197.55
942,3,45.9,0,3,116,2.1,170
943,3.9,49.05,16.2,6,118.8,9,202.95
944,3.9,55.8,9.9,3.9,123.2,6.9,203.6
945,3.9,32.85,0,5.1,108,3,152.85
946,2.1,55.8,0,2.1,126,2.1,188.1
947,3.9,48.15,5.85,5.1,117.2,3.9,184.1
948,0.9,52.2,18,0,122,6,199.1
949,2.1,55.8,9.9,0.9,122.8,5.1,196.6
950,3,40.05,9.9,3,116,3.9,175.85
951,3,72,0,2.1,140,0,217.1
952,3,52.2,31.95,3,114.8,9,213.95
953,8.1,46.8,12.15,3.9,117.2,3.9,192.05
954,8.1,43.2,23.85,5.1,110.8,11.1,202.15
955,0.9,49.05,4.05,2.1,121.2,3,180.3
956,5.1,27.9,13.95,5.1,104,5.1,161.15
957,6.9,45,18,2.1,108.8,5.1,185.9
958,5.1,54,0,3.9,124.8,0,187.8
959,2.1,81,22.05,0.9,137.2,8.1,251.35
960,3,37.8,5.85,3.9,110,3.9,164.45
961,5.1,66.15,4.05,5.1,124.8,2.1,207.3
962,3,46.8,0,3,118.8,2.1,173.7
963,3,54,8.1,3.9,118,5.1,192.1
964,3.9,49.05,13.95,3.9,116.8,3.9,191.5
965,2.1,71.1,0,5.1,139.2,0.9,218.4
966,3.9,52.2,18,5.1,120.8,9,209
967,5.1,39.15,34.2,6,107.2,12.9,204.55
968,3.9,49.05,12.15,3.9,115.2,3.9,188.1
969,5.1,73.8,13.95,3.9,134,5.1,235.85
970,3,48.15,12.15,5.1,116.8,3.9,189.1
971,2.1,27.9,31.95,2.1,101.2,9.9,175.15
972,2.1,66.15,9.9,3,133.2,5.1,219.45
973,2.1,53.1,0,2.1,122.8,3,183.1
974,3.9,58.05,12.15,3,129.2,5.1,211.4
975,2.1,52.2,22.05,5.1,122,8.1,211.55
976,8.1,49.95,19.8,8.1,116,6.9,208.85
977,5.1,80.1,0,6.9,137.2,0.9,230.2
978,3,43.2,9.9,5.1,110.8,5.1,177.1
979,3.9,63,19.8,5.1,128.8,6.9,227.5
980,3,54,13.95,2.1,126,6,205.05
981,3,49.95,5.85,3.9,124,3.9,190.6
982,5.1,44.1,5.85,6.9,111.2,3,176.15
983,3.9,39.15,44.1,3,105.2,15,210.35
984,2.1,43.2,19.8,2.1,116,6.9,190.1
985,0.9,55.8,16.2,3,120,6,201.9
986,3.9,35.1,23.85,3.9,107.2,12,185.95
987,2.1,79.2,0,0.9,144.8,0.9,227.9
988,5.1,39.15,0,3,112.8,3,163.05
989,3,55.8,12.15,2.1,127.2,6.9,207.15
990,3.9,61.2,13.95,6.9,130.8,6.9,223.65
991,6.9,57.15,16.2,6,127.2,8.1,221.55
992,3.9,63,0,3.9,128.8,0,199.6
993,3.9,36.9,5.85,3.9,110.8,3.9,165.25
994,3,58.95,16.2,3.9,122.8,6.9,211.75
995,0.9,54,0,0.9,119.2,2.1,177.1
996,2.1,66.15,0,2.1,132.8,3.9,207.05
997,3.9,50.85,0,5.1,122.8,0.9,183.55
998,3.9,26.1,30.15,3,102,9.9,175.05
999,3,67.95,19.8,2.1,128,6.9,227.75
1000,5.1,70.2,31.95,0.9,131.2,12.9,252.25
1001,2.1,45.9,8.1,3.9,114.8,3,177.8
1002,6,55.8,16.2,3.9,126.8,6.9,215.6
1003,8.1,41.85,4.05,3.9,109.2,3.9,171
1004,3,48.15,13.95,2.1,112.8,3.9,183.9
1005,0.9,54,16.2,2.1,120.8,5.1,199.1
1006,3.9,39.15,23.85,3.9,110,11.1,191.9
1007,2.1,49.05,8.1,0.9,122,2.1,184.25
1008,3,58.05,23.85,3.9,126.8,8.1,223.7
1009,5.1,52.2,8.1,5.1,123.2,6.9,200.6
1010,0.9,59.85,16.2,0,128.8,9,214.75
1011,5.1,63,19.8,5.1,126,6,225
1012,2.1,52.2,19.8,0.9,119.2,12.9,207.1
1013,3,61.2,22.05,3,127.2,6.9,223.35
1014,6,62.1,0,2.1,131.2,3,204.4
1015,2.1,43.2,30.15,3,112,9.9,200.35
1016,5.1,61.2,0,5.1,125.2,0.9,197.5
1017,2.1,46.8,30.15,3,112.8,9.9,204.75
1018,3.9,41.85,16.2,2.1,113.2,6,183.25
1019,6.9,58.95,22.05,3,127.2,9,227.1
1020,3.9,79.2,1.8,3.9,141.2,0.9,230.9
1021,3,63.9,8.1,3,130,3.9,211.9
1022,3.9,70.2,5.85,2.1,139.2,3,224.25
1023,3,50.85,0,6.9,124.8,2.1,187.65
1024,0,41.85,0,0.9,112.8,0,155.55
1025,3,36,22.05,3,105.2,8.1,177.35
1026,2.1,63.9,9.9,5.1,132,5.1,218.1
1027,3.9,55.8,16.2,6,120,6.9,208.8
1028,0.9,64.8,23.85,0.9,124.8,11.1,226.35
1029,3,25.2,0,3,102.8,3,137
1030,2.1,30.15,9.9,2.1,98.8,3.9,146.95
1031,3.9,50.85,1.8,6,120.8,3,186.35
1032,3.9,64.8,8.1,5.1,128.8,2.1,212.8
1033,2.1,61.2,1.8,5.1,128.8,0,199
1034,2.1,49.05,9.9,2.1,121.2,3.9,188.25
1035,6,30.15,0,5.1,107.2,2.1,150.55
1036,3.9,62.1,9.9,0.9,130.8,6.9,214.5
1037,6.9,57.15,8.1,8.1,124,5.1,209.35
1038,5.1,22.95,12.15,6,100,6,152.2
1039,5.1,54,22.05,2.1,120,9,212.25
1040,3.9,45.9,16.2,6,121.2,5.1,198.3
1041,3,45.9,19.8,2.1,112,6,188.8
1042,3,61.2,18,2.1,129.2,6,219.5
1043,6,77.85,1.8,3,138,3.9,230.55
1044,5.1,23.85,8.1,6,100,3,146.05
1045,3,66.15,9.9,3.9,126,6.9,215.85
1046,3.9,36.9,26.1,6.9,109.2,9,192
1047,3.9,70.2,0,5.1,133.2,0,212.4
1048,3,54.9,0,3.9,121.2,3,186
1049,3,50.85,13.95,2.1,118.8,6.9,195.6
1050,2.1,32.85,9.9,5.1,105.2,3,158.15
1051,0.9,59.85,13.95,0.9,124.8,6.9,207.3
1052,5.1,48.15,23.85,9,116,9,211.1
1053,5.1,54,9.9,6,118,8.1,201.1
1054,5.1,64.8,19.8,5.1,126.8,6,227.6
1055,3.9,54.9,26.1,3,117.2,11.1,216.2
1056,3,49.05,4.05,3.9,116,3,179
1057,3,58.05,9.9,3.9,123.2,5.1,203.15
1058,3,53.1,1.8,3,125.2,0.9,187
1059,8.1,40.95,22.05,6.9,114,14.1,206.1
1060,3,48.15,12.15,2.1,118,6,189.4
1061,3.9,61.2,26.1,6,122.8,9,229
1062,3,31.95,22.05,3,103.2,8.1,171.3
1063,0.9,58.95,12.15,3,130,5.1,210.1
1064,2.1,35.1,30.15,5.1,107.2,9.9,189.55
1065,2.1,57.15,1.8,3.9,128.8,6,199.75
1066,5.1,39.15,12.15,6,104,5.1,171.5
1067,5.1,39.15,26.1,6.9,112,12,201.25
1068,0,57.15,22.05,0.9,122.8,9,211.9
1069,5.1,61.2,1.8,5.1,128.8,3.9,205.9
1070,3.9,73.8,19.8,3,133.2,6.9,240.6
1071,5.1,48.15,1.8,3.9,119.2,5.1,183.25
1072,2.1,49.95,5.85,2.1,118.8,3.9,182.7
1073,0.9,54,18,0.9,119.2,6.9,199.9
1074,3.9,63.9,8.1,3.9,127.2,3.9,210.9
1075,2.1,41.85,18,3,114.8,6,185.75
1076,3,43.2,27.9,2.1,109.2,12,197.4
1077,6,54.9,0,2.1,125.2,3,191.2
1078,3,52.2,26.1,2.1,114.8,9.9,208.1
1079,5.1,64.8,4.05,6,131.2,2.1,213.25
1080,5.1,44.1,0,6,110.8,3,169
1081,3,73.8,18,2.1,135.2,5.1,237.2
1082,3.9,50.85,5.85,3,122.8,6.9,193.3
1083,3.9,66.15,9.9,3,131.2,5.1,219.25
1084,3,46.8,12.15,5.1,120,6.9,193.95
1085,5.1,58.05,34.2,6,118,9.9,231.25
1086,5.1,41.85,1.8,3,114.8,3,169.55
1087,3.9,77.85,9.9,5.1,146.8,3,246.55
1088,0,64.8,9.9,0,126.8,5.1,206.6
1089,0,57.15,23.85,0.9,124.8,12,218.7
1090,2.1,59.85,5.85,5.1,124.8,3,200.7
1091,3,53.1,0,3.9,122.8,0.9,183.7
1092,5.1,52.2,0,6,121.2,5.1,189.6
1093,2.1,63,36,3,127.2,12,243.3
1094,6,55.8,4.05,5.1,126,2.1,199.05
1095,2.1,37.8,18,5.1,106,6,175
1096,9,25.2,13.95,3.9,100.8,6.9,159.75
1097,2.1,79.2,8.1,2.1,140.8,3,235.3
1098,3.9,75.15,16.2,3.9,135.2,5.1,239.45
1099,3,37.8,18,3.9,110.8,6,179.5
1100,2.1,48.15,40.05,0.9,112.8,15.9,219.9
1101,2.1,64.8,19.8,3,130.8,9.9,230.4
1102,3,58.05,13.95,3.9,122,6.9,207.8
1103,6,46.8,4.05,3.9,116.8,5.1,182.65
1104,3,45,26.1,3,110.8,9.9,197.8
1105,3,53.1,0,2.1,122.8,3.9,184.9
1106,6.9,57.15,5.85,6,124.8,3.9,204.6
1107,5.1,31.95,26.1,6,105.2,9,183.35
1108,5.1,32.85,0,5.1,112.8,3,158.85
1109,5.1,53.1,4.05,6,121.2,2.1,191.55
1110,3.9,63,12.15,6,128.8,3.9,217.75
1111,3,75.15,0,3.9,138,5.1,225.15
1112,5.1,67.95,4.05,8.1,132.8,2.1,220.1
1113,3,85.05,0,3,147.2,2.1,240.35
1114,2.1,34.2,13.95,2.1,103.2,5.1,160.65
1115,5.1,64.8,13.95,8.1,134.8,8.1,234.85
1116,3.9,46.8,8.1,5.1,116,3,182.9
1117,3.9,57.15,27.9,3.9,126,12,230.85
1118,3.9,52.2,18,3,116.8,6.9,200.8
1119,3,53.1,27.9,2.1,118,9.9,214
1120,3.9,40.95,18,3.9,112.8,6.9,186.45
1121,2.1,75.15,12.15,0.9,138,3.9,232.2
1122,3,63,0,2.1,134.8,3,205.9
1123,3,31.05,23.85,3,104,9,173.9
1124,2.1,45.9,12.15,5.1,116,6,187.25
1125,3,59.85,13.95,2.1,123.2,5.1,207.2
1126,6.9,45.9,0,5.1,110.8,0,168.7
1127,3,49.95,1.8,3,120.8,5.1,183.65
1128,6,31.95,23.85,6.9,106,8.1,182.8
1129,2.1,53.1,19.8,2.1,124.8,9.9,211.8
1130,3.9,62.1,19.8,5.1,130.8,9,230.7
1131,3.9,58.95,26.1,6,127.2,12,234.15
1132,0.9,41.85,16.2,3,111.2,8.1,181.25
1133,6.9,58.95,12.15,5.1,125.2,8.1,216.4
1134,5.1,57.15,13.95,3.9,123.2,6,209.3
1135,2.1,63,8.1,3,128,5.1,209.3
1136,5.1,40.05,18,6.9,108.8,8.1,186.95
1137,6,50.85,16.2,6,114.8,6,199.85
1138,6,53.1,18,6.9,124,9,217
1139,2.1,63,26.1,2.1,132,9,234.3
1140,2.1,31.95,5.85,2.1,103.2,3,148.2
1141,3.9,26.1,27.9,6,96.8,12,172.7
1142,3.9,64.8,23.85,3.9,130,8.1,234.55
1143,8.1,49.05,4.05,6,124.8,2.1,194.1
1144,5.1,48.15,0,5.1,120.8,3.9,183.05
1145,0.9,54.9,0,3,124,0.9,183.7
1146,2.1,39.15,40.05,3,108.8,12.9,206
1147,3,61.2,8.1,3,128.8,3,207.1
1148,3,63,12.15,3.9,132.8,6.9,221.75
1149,0.9,45,16.2,3,116.8,6,187.9
1150,2.1,52.2,31.95,2.1,117.2,14.1,219.65
1151,5.1,44.1,34.2,3,110,12,208.4
1152,3,49.95,16.2,5.1,120.8,8.1,203.15
1153,5.1,72,5.85,3.9,137.2,5.1,229.15
1154,6,52.2,16.2,6,119.2,6.9,206.5
1155,2.1,54.9,0,3.9,127.2,0.9,189
1156,5.1,67.95,18,2.1,131.2,8.1,232.45
1157,3,67.95,26.1,3,134,9,243.05
1158,3.9,55.8,23.85,2.1,124,9.9,219.55
1159,6.9,64.8,4.05,6,137.2,0.9,219.85
1160,3.9,45,12.15,2.1,109.2,3.9,176.25
1161,0.9,67.95,23.85,0,136.8,8.1,237.6
1162,3,36,26.1,6,106.8,9,186.9
1163,3,45,41.85,3,110.8,15.9,219.55
1164,3,66.15,23.85,3.9,128,8.1,233
1165,5.1,61.2,0,5.1,128,5.1,204.5
1166,3.9,72,30.15,2.1,136,12,256.15
1167,6,67.05,0,6.9,133.2,2.1,215.25
1168,3.9,55.8,0,6,122.8,2.1,190.6
1169,3.9,62.1,4.05,0.9,125.2,2.1,198.25
1170,2.1,44.1,22.05,0.9,114,8.1,191.25
1171,6.9,45.9,19.8,6,117.2,8.1,203.9
1172,3,46.8,4.05,5.1,117.2,2.1,178.25
1173,5.1,40.95,27.9,5.1,111.2,12.9,203.15
1174,6,53.1,12.15,5.1,120.8,8.1,205.25
1175,3,63,9.9,2.1,130,3.9,211.9
1176,6,48.15,9.9,3.9,118.8,3.9,190.65
1177,5.1,72,16.2,3.9,134,9.9,241.1
1178,5.1,50.85,13.95,6,124.8,6,206.7
1179,0.9,63,5.85,0.9,127.2,3.9,201.75
1180,5.1,76.95,22.05,5.1,138,9,256.2
1181,6,85.95,19.8,3,149.2,6.9,270.85
1182,3.9,45.9,37.8,6,108.8,12.9,215.3
1183,3.9,58.05,8.1,6,128.8,3,207.85
1184,3,62.1,0,6.9,135.2,0,207.2
1185,3,70.2,0,3,141.2,3,220.4
1186,3,27.9,13.95,5.1,100.8,3.9,154.65
1187,5.1,58.05,13.95,3.9,123.2,3.9,208.1
1188,6,52.2,0,3.9,122,0,184.1
1189,3,75.15,23.85,5.1,136.8,12.9,256.8
1190,6,61.2,12.15,5.1,130.8,9,224.25
1191,6.9,58.95,12.15,8.1,125.2,6,217.3
1192,3.9,43.2,4.05,6,118.8,0.9,176.85
1193,9,55.8,12.15,9.9,125.2,6,218.05
1194,6,63,0,3.9,128.8,0.9,202.6
1195,0.9,61.2,4.05,2.1,126,0.9,195.15
1196,3,36.9,12.15,0.9,109.2,3.9,166.05
1197,3,44.1,19.8,3,115.2,9,194.1
1198,3.9,49.95,22.05,6,118,9.9,209.8
1199,3.9,32.85,37.8,2.1,100.8,12.9,190.35
1200,2.1,73.8,18,2.1,141.2,8.1,245.3
1201,3,57.15,26.1,2.1,123.2,9,220.55
1202,2.1,14.85,22.05,3,88.8,6.9,137.7
1203,5.1,54.9,13.95,3,128,9.9,214.85
1204,3.9,48.15,27.9,2.1,114.8,11.1,207.95
1205,3.9,61.2,27.9,3.9,129.2,11.1,237.2
1206,2.1,66.15,22.05,2.1,129.2,8.1,229.7
1207,9,49.95,23.85,3.9,116.8,6.9,210.4
1208,3.9,40.95,8.1,6,111.2,8.1,178.25
1209,3.9,64.8,23.85,3.9,130.8,9,236.25
1210,2.1,64.8,16.2,3,125.2,6.9,218.2
1211,0.9,31.05,8.1,2.1,95.2,3,140.35
1212,6,40.05,27.9,6.9,110.8,11.1,202.75
1213,5.1,34.2,22.05,6.9,105.2,9.9,183.35
1214,5.1,36.9,23.85,3.9,107.2,9,185.95
1215,0.9,43.2,16.2,0.9,112.8,6.9,180.9
1216,3.9,34.2,13.95,8.1,107.2,3.9,171.25
1217,3.9,43.2,4.05,2.1,112.8,3.9,169.95
1218,5.1,44.1,5.85,3.9,116.8,6,181.75
1219,5.1,67.05,12.15,8.1,132,6,230.4
1220,3.9,45,13.95,6,112.8,5.1,186.75
1221,3.9,41.85,5.85,6,110,6,173.6
1222,6,63,13.95,9.9,128.8,6,227.65
1223,5.1,49.05,5.85,6,116.8,2.1,184.9
1224,3,58.05,0,0.9,132,2.1,196.05
1225,2.1,54.9,0,3.9,120.8,3,184.7
1226,0,48.15,5.85,0.9,116,3.9,174.8
1227,2.1,43.2,22.05,2.1,117.2,9.9,196.55
1228,2.1,79.2,41.85,3.9,134,14.1,275.15
1229,5.1,46.8,1.8,6,112.8,3,175.5
1230,5.1,45,9.9,3,113.2,5.1,181.3
1231,3,61.2,4.05,2.1,128,3,201.35
1232,2.1,64.8,16.2,3,128.8,6,220.9
1233,6,45,0,3,116.8,2.1,172.9
1234,3.9,68.85,5.85,0.9,132.8,3,215.3
1235,3.9,43.2,5.85,3.9,114,3.9,174.75
1236,3,28.8,26.1,3.9,97.2,9,168
1237,3.9,48.15,23.85,3,115.2,6.9,201
1238,3.9,70.2,5.85,5.1,137.2,5.1,227.35
1239,3.9,49.95,13.95,5.1,115.2,3.9,192
1240,6.9,46.8,0,8.1,119.2,0.9,181.9
1241,5.1,36.9,12.15,3.9,106.8,6,170.85
1242,5.1,46.8,13.95,0.9,115.2,6,187.95
1243,0.9,55.8,0,0.9,124.8,2.1,184.5
1244,5.1,53.1,23.85,6,117.2,6.9,212.15
1245,2.1,55.8,8.1,2.1,120.8,6.9,195.8
1246,5.1,58.95,23.85,5.1,122.8,9,224.8
1247,3,61.2,0,2.1,128,0.9,195.2
1248,0.9,27.9,22.05,3,100.8,12,166.65
1249,2.1,82.8,0,3.9,149.2,0.9,238.9
1250,0.9,50.85,9.9,2.1,116,6,185.75
1251,2.1,57.15,1.8,3.9,122.8,0,187.75
1252,3.9,63.9,16.2,6,128.8,9,227.8
1253,2.1,57.15,22.05,5.1,122.8,9,218.2
1254,3,57.15,13.95,3,124.8,6,207.9
1255,3,37.8,0,3.9,111.2,2.1,158
1256,3.9,66.15,1.8,3,131.2,6,212.05
1257,3.9,35.1,26.1,3,106,14.1,188.2
1258,2.1,49.95,13.95,5.1,115.2,3.9,190.2
1259,0.9,49.05,0,0,115.2,0,165.15
1260,6.9,45.9,22.05,2.1,112,8.1,197.05
1261,3,64.8,1.8,3.9,129.2,3,205.7
1262,3,55.8,5.85,3.9,120,2.1,190.65
1263,6,49.95,9.9,2.1,114.8,6,188.75
1264,3,40.05,12.15,3.9,108.8,3.9,171.8
1265,6.9,63,18,6.9,134,6.9,235.7
1266,3,40.05,23.85,6.9,108,8.1,189.9
1267,5.1,59.85,0,6,127.2,2.1,200.25
1268,8.1,58.05,22.05,6.9,123.2,9.9,228.2
1269,8.1,41.85,1.8,6,110,3.9,171.65
1270,3.9,55.8,9.9,6,124,5.1,204.7
1271,6.9,44.1,16.2,3.9,113.2,8.1,192.4
1272,2.1,85.05,0,3,144.8,0.9,235.85
1273,2.1,82.8,0,0.9,151.2,2.1,239.1
1274,2.1,63.9,18,3.9,131.2,8.1,227.2
1275,6,57.15,18,3,125.2,9.9,219.25
1276,3.9,41.85,5.85,3,111.2,3.9,169.7
1277,3,49.95,9.9,3.9,121.2,5.1,193.05
1278,5.1,49.05,23.85,5.1,118,9,210.1
1279,6,61.2,13.95,6,124.8,5.1,217.05
1280,5.1,43.2,16.2,8.1,115.2,8.1,195.9
1281,5.1,40.95,4.05,3.9,102.8,0.9,157.7
1282,8.1,79.2,18,6,140,6.9,258.2
1283,3.9,64.8,12.15,6,128.8,3.9,219.55
1284,5.1,43.2,26.1,8.1,110.8,9.9,203.2
1285,8.1,54.9,5.85,9,124,6,207.85
1286,5.1,63,22.05,5.1,130,9.9,235.15
1287,5.1,58.05,19.8,6.9,124.8,6,220.65
1288,2.1,59.85,19.8,2.1,124.8,9,217.65
1289,0,53.1,12.15,0.9,122.8,6,194.95
1290,5.1,45,4.05,3.9,116,2.1,176.15
1291,6,34.2,0,5.1,107.2,0.9,153.4
1292,5.1,55.8,9.9,6,125.2,3.9,205.9
1293,0.9,41.85,16.2,3,114.8,9.9,186.65
1294,2.1,45.9,22.05,3,115.2,9,197.25
1295,0.9,49.05,26.1,0.9,120,8.1,205.05
1296,3.9,70.2,13.95,3.9,134,9,234.95
1297,2.1,34.2,5.85,2.1,111.2,3,158.45
1298,3.9,53.1,23.85,6,118,8.1,212.95
1299,6,52.2,1.8,5.1,124,3,192.1
1300,3,49.05,27.9,5.1,115.2,9.9,210.15
1301,5.1,40.05,19.8,2.1,111.2,9.9,188.15
1302,2.1,67.05,4.05,2.1,133.2,6.9,215.4
1303,0.9,40.95,12.15,2.1,114,9,179.1
1304,3.9,45,5.85,2.1,113.2,3,173.05
1305,3.9,49.05,8.1,5.1,119.2,3,188.35
1306,2.1,43.2,19.8,0,113.2,8.1,186.4
1307,5.1,43.2,4.05,3,114,3,172.35
1308,0.9,49.95,9.9,3,117.2,3.9,184.85
1309,2.1,81,0,3,146,3,235.1
1310,3.9,70.2,18,6,134.8,8.1,241
1311,6,44.1,8.1,8.1,114.8,3.9,185
1312,2.1,61.2,18,3.9,126.8,8.1,220.1
1313,0,53.1,1.8,0.9,120.8,5.1,181.7
1314,3,54.9,18,3.9,125.2,6,211
1315,3.9,59.85,18,5.1,125.2,9,221.05
1316,6,63,0,6,127.2,0.9,203.1
1317,5.1,50.85,4.05,6.9,122,0.9,189.8
1318,0,52.2,27.9,0,118.8,12.9,211.8
1319,3.9,35.1,9.9,5.1,108,5.1,167.1
1320,6,46.8,22.05,2.1,112.8,9,198.75
1321,5.1,89.1,5.85,8.1,145.2,6,259.35
1322,2.1,37.8,19.8,2.1,109.2,9.9,180.9
1323,3,43.2,31.95,2.1,111.2,11.1,202.55
1324,5.1,40.95,4.05,6.9,113.2,3.9,174.1
1325,3.9,58.95,1.8,8.1,131.2,5.1,209.05
1326,6,76.05,34.2,3,140,9.9,269.15
1327,2.1,45,1.8,2.1,114.8,2.1,167.9
1328,3.9,45.9,18,3.9,117.2,6.9,195.8
1329,3,27.9,19.8,5.1,100.8,6.9,163.5
1330,2.1,37.8,23.85,3,109.2,6.9,182.85
1331,6,39.15,16.2,3,108.8,6.9,180.05
1332,5.1,45,9.9,6.9,120.8,5.1,192.8
1333,0.9,55.8,5.85,0.9,124,3,190.45
1334,6,50.85,16.2,5.1,117.2,9,204.35
1335,5.1,67.95,0,6,139.2,0,218.25
1336,3,45.9,27.9,5.1,116,8.1,206
1337,3.9,67.95,13.95,2.1,131.2,5.1,224.2
1338,3.9,44.1,27.9,3.9,112.8,11.1,203.7
1339,3.9,35.1,9.9,5.1,106.8,5.1,165.9
1340,3,40.95,36,2.1,106.8,12,200.85
1341,3,71.1,13.95,0.9,137.2,6,232.15
1342,3,32.85,22.05,3.9,104.8,8.1,174.7
1343,0.9,49.05,9.9,2.1,123.2,5.1,190.25
1344,2.1,49.95,4.05,0.9,120,2.1,179.1
1345,3,66.15,22.05,6,125.2,8.1,230.5
1346,6.9,71.1,1.8,9.9,133.2,3,225.9
1347,2.1,45,0,3,117.2,0,167.3
1348,3,62.1,23.85,3,124,8.1,224.05
1349,2.1,43.2,34.2,5.1,107.2,14.1,205.9
1350,2.1,67.05,12.15,2.1,130,3,216.4
1351,3,35.1,19.8,3.9,103.2,9,174
1352,2.1,52.2,0,3.9,126,3.9,188.1
1353,3.9,58.95,5.85,5.1,128.8,5.1,207.7
1354,5.1,58.05,0,3,131.2,0.9,198.25
1355,2.1,57.15,1.8,3,126,3,193.05
1356,3,45.9,18,5.1,116,8.1,196.1
1357,6.9,57.15,12.15,8.1,126.8,6.9,218
1358,0.9,54.9,1.8,3,123.2,2.1,185.9
1359,3.9,49.05,18,6,120.8,5.1,202.85
1360,6,44.1,4.05,5.1,117.2,3.9,180.35
1361,3,34.2,1.8,2.1,108.8,3,152.9
1362,3.9,63,19.8,2.1,128.8,8.1,225.7
1363,5.1,40.05,18,2.1,106.8,8.1,180.15
1364,2.1,49.95,12.15,3,114.8,3,185
1365,0.9,54,31.95,3,121.2,11.1,222.15
1366,6.9,44.1,26.1,3.9,108,9.9,198.9
1367,0.9,54.9,13.95,0.9,123.2,3.9,197.75
1368,2.1,48.15,4.05,3,120.8,3,181.1
1369,3.9,54,0,5.1,117.2,2.1,182.3
1370,6,61.2,22.05,3.9,124.8,9.9,227.85
1371,2.1,62.1,0,2.1,128,0.9,195.2
1372,2.1,39.15,23.85,5.1,112.8,9,192
1373,3,54.9,13.95,3,121.2,6.9,202.95
1374,3.9,49.05,34.2,3,112,12,214.15
1375,5.1,64.8,5.85,5.1,128,5.1,213.95
1376,6.9,39.15,5.85,6,111.2,3,172.1
1377,6.9,48.15,0,11.1,119.2,3,188.35
1378,0.9,48.15,0,3,120,2.1,174.15
1379,2.1,68.85,30.15,2.1,134,12,249.2
1380,2.1,57.15,5.85,3.9,122.8,3,194.8
1381,6,31.05,19.8,6,103.2,12,178.05
1382,2.1,50.85,13.95,2.1,122,5.1,196.1
1383,8.1,54,23.85,9.9,122.8,9,227.65
1384,2.1,40.95,26.1,3,109.2,9,190.35
1385,3,55.8,19.8,3,115.2,8.1,204.9
1386,3.9,55.8,9.9,3.9,125.2,5.1,203.8
1387,3.9,50.85,4.05,6.9,123.2,0.9,189.8
1388,3.9,66.15,0,2.1,132,2.1,206.25
1389,3.9,40.05,26.1,6,112.8,9,197.85
1390,5.1,37.8,8.1,3.9,112,3,169.9
1391,0.9,40.05,13.95,2.1,112,8.1,177.1
1392,5.1,43.2,0,6,111.2,0.9,166.4
1393,5.1,37.8,4.05,2.1,106.8,3.9,159.75
1394,3,46.8,9.9,2.1,116,3.9,181.7
1395,6,45.9,19.8,6.9,113.2,9,200.8
1396,0.9,45.9,26.1,3,114,12.9,202.8
1397,6,49.05,12.15,6,122,6,201.2
1398,5.1,54,8.1,3,120,3.9,194.1
1399,0.9,19.8,5.85,3,101.2,2.1,132.85
1400,5.1,58.95,26.1,0.9,123.2,9,223.25
1401,2.1,44.1,12.15,5.1,114.8,3.9,182.15
1402,2.1,44.1,5.85,3,118,6.9,179.95
1403,3.9,64.8,8.1,3.9,130.8,6,217.5
1404,6,52.2,9.9,3.9,123.2,3,198.2
1405,3.9,46.8,12.15,3,113.2,9,188.05
1406,2.1,54,0,3,125.2,3,187.3
1407,3,57.15,8.1,5.1,124.8,5.1,203.25
1408,0.9,63,18,3,126.8,8.1,219.8
1409,6,48.15,31.95,5.1,114.8,9.9,215.9
1410,3.9,18.9,8.1,5.1,99.2,8.1,143.3
1411,6.9,31.05,4.05,3.9,108.8,2.1,156.8
1412,0.9,58.95,19.8,3,128,8.1,218.75
1413,3,72.9,0,3,138,0.9,217.8
1414,6,46.8,9.9,3,112,3.9,181.6
1415,3,36.9,36,5.1,108,12,201
1416,3.9,49.05,16.2,2.1,121.2,5.1,197.55
1417,3,64.8,41.85,5.1,126,14.1,254.85
1418,3.9,58.95,0,6.9,130,0.9,200.65
1419,2.1,64.8,5.85,3,128,3.9,207.65
1420,3.9,67.95,13.95,5.1,129.2,6.9,227
1421,5.1,64.8,8.1,3.9,129.2,3.9,215
1422,5.1,44.1,19.8,3.9,113.2,8.1,194.2
1423,2.1,36,9.9,0.9,103.2,6,158.1
1424,6,50.85,1.8,6,120,0.9,185.55
1425,6,63.9,4.05,3,129.2,3,209.15
1426,3,41.85,13.95,3.9,112,6,180.7
1427,3,36.9,16.2,5.1,109.2,6,176.4
1428,5.1,55.8,1.8,3.9,125.2,3.9,195.7
1429,3,63.9,9.9,3.9,132,6,218.7
1430,3.9,52.2,0,5.1,126.8,3,191
1431,2.1,58.05,8.1,2.1,124.8,3,198.15
1432,3,45.9,0,3,118.8,0.9,171.6
1433,6,49.95,19.8,2.1,120.8,8.1,206.75
1434,3.9,35.1,9.9,3.9,110,8.1,170.9
1435,3.9,70.2,8.1,6,135.2,3,226.4
1436,0.9,67.05,1.8,0,132.8,3,205.55
1437,3,61.2,19.8,3,122,6,215
1438,6.9,46.8,5.85,6.9,116,5.1,187.55
1439,5.1,48.15,1.8,8.1,118,3.9,185.05
1440,0.9,30.15,18,0.9,104,6,159.95
1441,3,76.95,1.8,3,138.8,3,226.55
1442,2.1,37.8,19.8,3,107.2,8.1,178
1443,2.1,53.1,19.8,3.9,124.8,9,212.7
1444,3.9,58.95,22.05,3,122.8,9,219.7
1445,3.9,44.1,8.1,3,113.2,5.1,177.4
1446,6,27.9,0,2.1,102,0,138
1447,3.9,58.05,23.85,3.9,122.8,6.9,219.4
1448,3,48.15,0,3,121.2,3.9,179.25
1449,3.9,58.05,19.8,6.9,121.2,6.9,216.75
1450,0.9,72,1.8,3,138.8,3,219.5
1451,3,66.15,13.95,6,125.2,9,223.3
1452,2.1,40.05,0,2.1,112,2.1,158.35
1453,0.9,58.95,13.95,0.9,126.8,3.9,205.4
1454,3,64.8,22.05,2.1,134.8,6.9,233.65
1455,6.9,53.1,1.8,3.9,124,3,192.7
1456,3,46.8,16.2,2.1,115.2,6.9,190.2
1457,3,48.15,18,2.1,110,6.9,188.15
1458,2.1,52.2,12.15,3,117.2,5.1,191.75
1459,5.1,76.05,4.05,3.9,140.8,3.9,233.8
1460,3,45,16.2,3.9,111.2,9,188.3
1461,5.1,67.05,12.15,6.9,133.2,5.1,229.5
1462,2.1,43.2,23.85,2.1,112.8,6.9,190.95
1463,2.1,55.8,26.1,3,121.2,9,217.2
1464,2.1,71.1,22.05,3,133.2,6.9,238.35
1465,3.9,58.05,0,6.9,126.8,2.1,197.75
1466,3,66.15,16.2,5.1,133.2,5.1,228.75
1467,6,46.8,12.15,6,116,8.1,195.05
1468,2.1,50.85,27.9,3,115.2,9,208.05
1469,0.9,52.2,18,2.1,121.2,6.9,201.3
1470,3,63,9.9,2.1,129.2,3,210.2
1471,3,54,9.9,0.9,122.8,8.1,198.7
1472,0.9,81.9,9.9,3,142.8,3.9,242.4
1473,6.9,40.95,22.05,9,112.8,9,200.7
1474,3,52.2,8.1,2.1,120,2.1,187.5
1475,2.1,34.2,8.1,2.1,107.2,3.9,157.6
1476,6,85.05,0,3.9,144,0.9,239.85
1477,5.1,53.1,4.05,6,124.8,2.1,195.15
1478,3,66.15,22.05,3,130.8,8.1,233.1
1479,5.1,39.15,8.1,3.9,112,6,174.25
1480,6,61.2,8.1,3.9,126.8,5.1,211.1
1481,5.1,71.1,0,5.1,136,2.1,219.4
1482,3,67.05,0,2.1,134.8,3,209.95
1483,3.9,53.1,5.85,0.9,119.2,5.1,188.05
1484,3,63.9,19.8,3,130.8,6,226.5
1485,2.1,58.05,31.95,2.1,123.2,11.1,228.5
1486,3.9,48.15,1.8,2.1,114,2.1,172.05
1487,5.1,71.1,12.15,6,131.2,6,231.55
1488,3,73.8,8.1,6.9,139.2,6,237
1489,0.9,44.1,8.1,3,115.2,3,174.3
1490,3,58.95,16.2,2.1,122.8,8.1,211.15
1491,6,46.8,5.85,5.1,117.2,2.1,183.05
1492,8.1,49.95,9.9,0.9,120,6.9,195.75
1493,6.9,64.8,4.05,6,131.2,2.1,215.05
1494,3,34.2,16.2,3.9,107.2,9,173.5
1495,5.1,67.05,19.8,3,134.8,8.1,237.85
1496,3.9,39.15,1.8,3,114,0.9,162.75
1497,5.1,79.2,9.9,5.1,141.2,6,246.5
1498,5.1,64.8,16.2,6.9,128.8,6.9,228.7
1499,3,61.2,0,5.1,127.2,0,196.5
1500,2.1,36,31.95,3,102,12,187.05
1501,3,63.9,22.05,3,130.8,8.1,230.85
1502,3.9,36,4.05,6,110.8,0.9,161.65
1503,2.1,55.8,5.85,5.1,129.2,5.1,203.15
1504,3,54,1.8,3,122,3.9,187.7
1505,5.1,59.85,34.2,3.9,124,15.9,242.95
1506,3,40.05,13.95,5.1,109.2,8.1,179.4
1507,6,62.1,31.95,6.9,129.2,11.1,247.25
1508,6,45.9,4.05,3.9,120,3,182.85
1509,0.9,64.8,18,0.9,133.2,6.9,224.7
1510,3.9,52.2,26.1,6.9,119.2,9,217.3
1511,3,76.95,16.2,6,144.8,6,252.95
1512,5.1,73.8,9.9,6.9,134.8,3,233.5
1513,6,27,36,6,100.8,14.1,189.9
1514,3.9,40.95,9.9,0.9,109.2,3.9,168.75
1515,3,62.1,1.8,5.1,128,3,203
1516,6.9,54,0,6,119.2,2.1,188.2
1517,3.9,59.85,30.15,2.1,117.2,12,225.2
1518,6,55.8,0,6,120,2.1,189.9
1519,3,54.9,0,0.9,126,0.9,185.7
1520,3.9,40.05,13.95,2.1,110.8,8.1,178.9
1521,6.9,50.85,1.8,8.1,118.8,2.1,188.55
1522,0.9,50.85,0,2.1,123.2,0,177.05
1523,3,31.05,1.8,5.1,100.8,3,144.75
1524,3,46.8,0,6,120.8,2.1,178.7
1525,2.1,50.85,18,3.9,114,6.9,195.75
1526,3,45,0,3,119.2,0.9,171.1
1527,3,52.2,19.8,0.9,121.2,9,206.1
1528,2.1,44.1,18,3,116,8.1,191.3
1529,0.9,72,18,2.1,137.2,11.1,241.3
1530,3,61.2,26.1,2.1,123.2,9.9,225.5
1531,6,31.05,5.85,9,104.8,3.9,160.6
1532,5.1,30.15,19.8,3.9,95.2,6.9,161.05
1533,2.1,53.1,16.2,0.9,123.2,6,201.5
1534,3,31.05,8.1,3.9,105.2,6,157.25
1535,3,62.1,18,6.9,129.2,6,225.2
1536,3.9,50.85,13.95,3,119.2,6,196.9
1537,5.1,58.05,8.1,2.1,121.2,6.9,201.45
1538,5.1,32.85,9.9,3.9,102.8,3,157.55
1539,3.9,58.95,22.05,3.9,122,6.9,217.7
1540,3,40.95,0,3,112.8,2.1,161.85
1541,3,35.1,0,5.1,108.8,2.1,154.1
1542,3.9,46.8,9.9,6.9,118.8,6,192.3
1543,3.9,58.05,5.85,5.1,124.8,3,200.7
1544,2.1,32.85,9.9,3,105.2,5.1,158.15
1545,3,40.95,13.95,3.9,112,5.1,178.9
1546,5.1,57.15,4.05,6,126,3.9,202.2
1547,5.1,49.95,0,3,116,2.1,176.15
1548,3.9,41.85,4.05,3,114,2.1,168.9
1549,3,52.2,36,5.1,122,12.9,231.2
1550,3.9,54.9,16.2,3.9,118.8,6,203.7
1551,0.9,45,1.8,0.9,115.2,0,163.8
1552,3,48.15,0,3,120,3,177.15
1553,2.1,54.9,0,5.1,124.8,2.1,189
1554,3.9,67.95,26.1,5.1,134,9.9,246.95
1555,3.9,57.15,5.85,6.9,123.2,3,200
1556,2.1,43.2,13.95,2.1,116,5.1,182.45
1557,3,40.95,13.95,5.1,116,8.1,187.1
1558,3,72,4.05,0.9,140,5.1,225.05
1559,0.9,58.05,30.15,0.9,122.8,11.1,223.9
1560,5.1,63,5.85,3,125.2,2.1,204.25
1561,3,75.15,0,3,139.2,2.1,222.45
1562,2.1,41.85,9.9,3,110.8,8.1,175.75
1563,6.9,35.1,5.85,3,111.2,3.9,165.95
1564,0.9,36.9,12.15,0,110.8,6.9,167.65
1565,0,57.15,40.05,0,122,14.1,233.3
1566,2.1,59.85,27.9,5.1,128.8,8.1,231.85
1567,3.9,46.8,8.1,2.1,116.8,3,180.7
1568,3,62.1,22.05,3.9,120.8,9,220.85
1569,0,49.05,8.1,0.9,120,3.9,181.95
1570,6,72.9,9.9,9,134,6,237.8
1571,3,55.8,12.15,2.1,118,6.9,197.95
1572,6.9,41.85,22.05,6,114.8,8.1,199.7
1573,3.9,71.1,0,3.9,139.2,6,224.1
1574,5.1,48.15,18,3.9,118,9,202.15
1575,3,31.95,16.2,2.1,106,6,165.25
1576,2.1,50.85,0,3.9,123.2,0.9,180.95
1577,5.1,63.9,36,3,129.2,12,249.2
1578,3.9,68.85,4.05,3.9,135.2,3.9,219.8
1579,3,34.2,9.9,3,106,6.9,163
1580,0.9,59.85,0,3,126.8,3,193.55
1581,9,40.95,9.9,6,117.2,6,189.05
1582,3.9,72,0,3.9,142,0,221.8
1583,6.9,68.85,36,9.9,136,15,272.65
1584,3,31.05,23.85,6,104,12,179.9
1585,6.9,53.1,18,3.9,124.8,8.1,214.8
1586,2.1,81,30.15,5.1,136.8,14.1,269.25
1587,6,61.2,4.05,2.1,129.2,5.1,207.65
1588,5.1,28.8,13.95,6,101.2,12,167.05
1589,0.9,62.1,0,2.1,131.2,0.9,197.2
1590,2.1,39.15,26.1,2.1,107.2,9.9,186.55
1591,2.1,67.05,22.05,3.9,126,9.9,231
1592,6,40.95,8.1,6,108.8,3,172.85
1593,3,39.15,0,3,110.8,6,161.95
1594,3.9,66.15,30.15,3.9,128.8,12,244.9
1595,0.9,46.8,22.05,0.9,118.8,9.9,199.35
1596,0.9,44.1,30.15,2.1,116,9,202.25
1597,0.9,32.85,0,0.9,106.8,0,141.45
1598,3,49.95,18,3,114,6.9,194.85
1599,0,52.2,13.95,0.9,122.8,6,195.85
1600,3.9,70.2,16.2,0.9,127.2,12,230.4
1601,2.1,62.1,30.15,3,127.2,15,239.55
1602,2.1,41.85,19.8,2.1,112,12,189.85
1603,3.9,79.2,36,3.9,142,14.1,279.1
1604,3.9,58.95,37.8,3,120.8,12.9,237.35
1605,6,50.85,19.8,5.1,124,11.1,216.85
1606,5.1,73.8,16.2,3,137.2,6,241.3
1607,3,57.15,26.1,3,121.2,11.1,221.55
1608,2.1,58.05,8.1,2.1,127.2,3,200.55
1609,3,71.1,5.85,3,134.8,3.9,221.65
1610,2.1,43.2,12.15,5.1,113.2,5.1,180.85
1611,2.1,45.9,16.2,3,116.8,5.1,189.1
1612,6,58.05,8.1,5.1,124.8,6,208.05
1613,6,44.1,4.05,3.9,110.8,2.1,170.95
1614,3.9,58.95,18,3.9,125.2,9.9,219.85
1615,3.9,64.8,4.05,6,126.8,0.9,206.45
1616,3.9,28.8,0,3.9,104.8,3.9,145.3
1617,3,63,4.05,5.1,132.8,0.9,208.85
1618,3.9,61.2,0,2.1,126.8,3.9,197.9
1619,5.1,54.9,27.9,6,120.8,9.9,224.6
1620,3.9,49.05,23.85,3,114,11.1,204.9
1621,6.9,63,22.05,3,126.8,9,230.75
1622,2.1,45.9,5.85,3.9,112.8,3.9,174.45
1623,6,58.05,13.95,6,124,8.1,216.1
1624,3,50.85,16.2,6,122.8,6.9,205.75
1625,0.9,55.8,31.95,2.1,120.8,11.1,222.65
1626,5.1,64.8,31.95,2.1,127.2,12,243.15
1627,6,52.2,16.2,6,114.8,5.1,200.3
1628,5.1,40.95,8.1,6.9,108,6,175.05
1629,8.1,70.2,18,3.9,129.2,6.9,236.3
1630,3.9,46.8,0,5.1,112.8,0.9,169.5
1631,0.9,48.15,9.9,2.1,118,3.9,182.95
1632,6,31.95,0,3.9,106.8,0.9,149.55
1633,5.1,54.9,9.9,3.9,122,3,198.8
1634,3.9,72.9,0,3,137.2,3,220
1635,2.1,54,0,2.1,122,3.9,184.1
1636,0.9,72.9,1.8,0.9,134,2.1,212.6
1637,0.9,70.2,4.05,3,136,3,217.15
1638,5.1,59.85,1.8,5.1,127.2,0.9,199.95
1639,2.1,27.9,1.8,2.1,102,3.9,139.8
1640,2.1,63,26.1,3,128,11.1,233.3
1641,3,49.95,13.95,3.9,126,6.9,203.7
1642,2.1,41.85,0,3,112.8,2.1,161.85
1643,3,21.15,16.2,3.9,93.2,9.9,147.35
1644,0.9,61.2,4.05,3,126.8,3,198.95
1645,0.9,54.9,13.95,2.1,122.8,3.9,198.55
1646,3,48.15,0,0.9,120,2.1,174.15
1647,6,43.2,0,9,117.2,2.1,177.5
1648,6.9,44.1,4.05,8.1,118,3.9,185.05
1649,3.9,53.1,5.85,3.9,120.8,3.9,191.45
1650,2.1,37.8,0,3.9,104.8,3.9,152.5
1651,5.1,31.95,13.95,8.1,96.8,5.1,161
1652,6,49.95,8.1,5.1,120.8,8.1,198.05
1653,0.9,54,30.15,0,123.2,11.1,219.35
1654,6.9,31.05,13.95,6,102,3.9,163.8
1655,3.9,75.15,22.05,5.1,136,6.9,249.1
1656,6,49.05,48.15,5.1,112,15.9,236.2
1657,5.1,64.8,26.1,6.9,130.8,9.9,243.6
1658,5.1,58.05,16.2,5.1,124.8,6,215.25
1659,3.9,41.85,8.1,6,114.8,3.9,178.55
1660,3.9,36.9,23.85,6,103.2,8.1,181.95
1661,2.1,44.1,23.85,2.1,114.8,8.1,195.05
1662,5.1,59.85,0,5.1,132.8,0.9,203.75
1663,9,39.15,23.85,6,108.8,9.9,196.7
1664,2.1,44.1,18,3.9,115.2,12,195.3
1665,5.1,70.2,8.1,3.9,138,6.9,232.2
1666,2.1,85.05,9.9,3,144.8,5.1,249.95
1667,5.1,41.85,1.8,5.1,109.2,2.1,165.15
1668,2.1,45.9,5.85,0.9,117.2,6,177.95
1669,3.9,45.9,8.1,2.1,118,3.9,181.9
1670,5.1,48.15,1.8,3.9,120,3,181.95
1671,3.9,45,13.95,3,112.8,6,184.65
1672,6,53.1,26.1,5.1,120.8,11.1,222.2
1673,2.1,49.05,19.8,0,117.2,8.1,196.25
1674,6,52.2,0,6.9,121.2,3,189.3
1675,6.9,57.15,16.2,6,124,5.1,215.35
1676,3,57.15,23.85,3,124,11.1,222.1
1677,2.1,46.8,1.8,5.1,112,3.9,171.7
1678,2.1,49.05,8.1,3.9,114.8,6,183.95
1679,3,54,9.9,5.1,120,3.9,195.9
1680,3,62.1,16.2,2.1,128,8.1,219.5
1681,3,48.15,4.05,0,114.8,5.1,175.1
1682,3,39.15,13.95,3.9,109.2,5.1,174.3
1683,3,36.9,31.95,3.9,108.8,9.9,194.45
1684,5.1,40.95,30.15,2.1,106,12,196.3
1685,3,50.85,8.1,2.1,121.2,2.1,187.35
1686,6,46.8,23.85,2.1,113.2,9,200.95
1687,3.9,49.95,16.2,5.1,114,6,195.15
1688,3,35.1,13.95,6,106,8.1,172.15
1689,3.9,52.2,1.8,3.9,114.8,3,179.6
1690,3.9,45,13.95,5.1,112.8,6.9,187.65
1691,3,58.95,5.85,2.1,124,5.1,199
1692,2.1,58.95,18,3,118.8,9,209.85
1693,3,58.05,5.85,3,127.2,5.1,202.2
1694,3,63,0,5.1,134.8,3,208.9
1695,3,68.85,0,3.9,134,0,209.75
1696,2.1,36.9,26.1,0,110.8,12,187.9
1697,3,58.05,19.8,3,122,6,211.85
1698,3.9,54.9,22.05,3.9,125.2,9,218.95
1699,5.1,45.9,0,3.9,113.2,0.9,169
1700,3.9,67.05,22.05,5.1,127.2,12.9,238.2
1701,2.1,34.2,31.95,3,100.8,14.1,186.15
1702,3,45.9,0,5.1,114,0,168
1703,3,45.9,23.85,3,113.2,8.1,197.05
1704,2.1,45,19.8,2.1,110,6.9,185.9
1705,3,53.1,0,0,123.2,2.1,181.4
1706,3,61.2,8.1,5.1,136,3.9,217.3
1707,9,54.9,13.95,6.9,123.2,6,213.95
1708,2.1,44.1,12.15,3,110,8.1,179.45
1709,6,41.85,22.05,3,114,9.9,196.8
1710,3,57.15,8.1,5.1,121.2,3.9,198.45
1711,3,44.1,23.85,3,114,9.9,197.85
1712,5.1,45.9,16.2,3.9,115.2,6.9,193.2
1713,3.9,35.1,0,6,102,0.9,147.9
1714,5.1,28.8,34.2,6,103.2,11.1,188.4
1715,5.1,37.8,12.15,9,108.8,5.1,177.95
1716,6,45,9.9,2.1,112.8,6,181.8
1717,6,58.05,27.9,2.1,116.8,8.1,218.95
1718,3,59.85,22.05,3,127.2,11.1,226.2
1719,6,58.95,8.1,6.9,126.8,5.1,211.85
1720,2.1,39.15,16.2,2.1,116,6,181.55
1721,5.1,68.85,1.8,6,131.2,3.9,216.85
1722,2.1,31.95,18,2.1,102,8.1,164.25
1723,3.9,43.2,1.8,3.9,115.2,2.1,170.1
1724,3,54,12.15,3,116.8,5.1,194.05
1725,6.9,67.05,18,6,129.2,6,233.15
1726,5.1,68.85,4.05,3.9,135.2,3,220.1
1727,5.1,36.9,23.85,5.1,104,6.9,181.85
1728,0.9,58.05,18,3,124,9,212.95
1729,6,49.05,5.85,3.9,118,6,188.8
1730,6,62.1,0,3.9,133.2,0,205.2
1731,3,79.2,0,2.1,142.8,0.9,228
1732,3,50.85,18,3,118.8,6.9,200.55
1733,6,46.8,8.1,5.1,115.2,6,187.2
1734,3.9,52.2,19.8,3,120,6,204.9
1735,3,80.1,0,0.9,144,3,231
1736,2.1,40.95,30.15,3.9,108.8,11.1,197
1737,0.9,72,18,0.9,132.8,9.9,234.5
1738,3,40.05,12.15,3,109.2,3,170.4
1739,2.1,63,12.15,2.1,128,5.1,212.45
1740,6,63,1.8,8.1,128.8,0,207.7
1741,3,30.15,4.05,2.1,104.8,2.1,146.2
1742,6.9,36.9,0,6.9,110.8,8.1,169.6
1743,5.1,71.1,9.9,2.1,137.2,6,231.4
1744,3.9,49.05,8.1,3.9,114.8,5.1,184.85
1745,3,63,26.1,2.1,126.8,9.9,230.9
1746,0.9,34.2,5.85,0.9,103.2,3,148.05
1747,3.9,41.85,1.8,3,112.8,5.1,168.45
1748,2.1,58.95,19.8,3,128,8.1,219.95
1749,3,48.15,13.95,3.9,119.2,5.1,193.3
1750,3.9,36.9,8.1,6,106,3.9,164.8
1751,6.9,52.2,37.8,8.1,118.8,12.9,236.7
1752,6,45.9,8.1,0.9,118.8,6.9,186.6
1753,2.1,70.2,9.9,3,137.2,5.1,227.5
1754,3.9,45,0,3.9,120.8,3,176.6
1755,5.1,49.05,0,9,118.8,0,181.95
1756,2.1,67.95,13.95,3.9,132.8,5.1,225.8
1757,3.9,72.9,4.05,3,140,8.1,231.95
1758,3.9,41.85,27.9,5.1,112.8,12.9,204.45
1759,3,63.9,9.9,6.9,126,3,212.7
1760,6,44.1,16.2,6,112,9,193.3
1761,3.9,53.1,13.95,3.9,122,6.9,203.75
1762,3.9,43.2,22.05,6,108,6,189.15
1763,0,49.95,12.15,0.9,119.2,6.9,189.1
1764,2.1,50.85,30.15,2.1,118,12,215.2
1765,3,49.05,13.95,3.9,122,6.9,198.8
1766,5.1,81,0,3,145.2,0,234.3
1767,2.1,26.1,1.8,3.9,98.8,5.1,137.8
1768,6.9,39.15,0,3.9,111.2,0,161.15
1769,3,57.15,16.2,5.1,122.8,5.1,209.35
1770,2.1,45,16.2,5.1,113.2,5.1,186.7
1771,3.9,59.85,13.95,0.9,124.8,3.9,207.3
1772,5.1,28.8,1.8,3.9,104,3.9,147.5
1773,3.9,49.05,4.05,6.9,119.2,5.1,188.2
1774,3.9,67.05,0,5.1,134.8,3,213.85
1775,5.1,46.8,34.2,3,116.8,12,217.9
1776,2.1,46.8,30.15,5.1,114.8,12.9,211.85
1777,2.1,45.9,0,3,116,2.1,169.1
1778,6,55.8,12.15,5.1,122,5.1,206.15
1779,3,40.05,30.15,0.9,104.8,9.9,188.8
1780,3,54.9,0,3.9,124,3,188.8
1781,6.9,53.1,19.8,6,125.2,9,220
1782,3.9,61.2,0,3.9,131.2,3,203.2
1783,0.9,70.2,37.8,3,132,12.9,256.8
1784,5.1,37.8,13.95,3.9,106,6,172.75
1785,3.9,45.9,4.05,6.9,118.8,3,182.55
1786,6.9,52.2,4.05,6,121.2,2.1,192.45
1787,3.9,40.05,8.1,2.1,106.8,3.9,164.85
1788,2.1,67.05,9.9,5.1,128.8,6.9,219.85
1789,3,82.8,0,3,148,0,236.8
1790,0.9,48.15,4.05,3,117.2,0.9,174.2
1791,3,48.15,8.1,3.9,112,3,178.15
1792,2.1,40.95,31.95,2.1,111.2,11.1,199.4
1793,3,49.95,1.8,0.9,124.8,3.9,184.35
1794,2.1,62.1,8.1,3,121.2,3,199.5
1795,6,40.95,23.85,3.9,104.8,11.1,190.6
1796,2.1,35.1,26.1,5.1,104.8,8.1,181.3
1797,0.9,68.85,30.15,3,130,9.9,242.8
1798,3,37.8,22.05,5.1,104,9,180.95
1799,6,50.85,16.2,6,112.8,6,197.85
1800,2.1,43.2,12.15,2.1,112.8,5.1,177.45
1801,5.1,58.05,9.9,6.9,126,3,208.95
1802,6,59.85,0,3.9,127.2,0.9,197.85
1803,3.9,36.9,13.95,5.1,110.8,6,176.65
1804,3,48.15,26.1,2.1,114,9,202.35
1805,2.1,63,30.15,2.1,128.8,12,238.15
1806,2.1,58.95,31.95,3,119.2,12,227.2
1807,3,45,13.95,5.1,118.8,6,191.85
1808,6.9,67.95,16.2,8.1,132.8,8.1,240.05
1809,3.9,48.15,27.9,2.1,119.2,8.1,209.35
1810,5.1,49.05,9.9,5.1,118.8,3,190.95
1811,6.9,49.95,16.2,6,114.8,8.1,201.95
1812,3,40.05,22.05,3.9,110,6,185
1813,5.1,49.95,0,6,122.8,3,186.85
1814,3,54.9,9.9,3.9,116.8,3.9,192.4
1815,3.9,41.85,0,0.9,115.2,3,164.85
1816,8.1,50.85,4.05,6.9,117.2,3,190.1
1817,2.1,37.8,0,2.1,113.2,0.9,156.1
1818,6,64.8,0,5.1,128.8,2.1,206.8
1819,3,32.85,44.1,3,96.8,17.1,196.85
1820,0.9,49.95,9.9,2.1,116,5.1,183.95
1821,2.1,54,19.8,3.9,126,6.9,212.7
1822,3,45.9,5.85,3,116.8,5.1,179.65
1823,6.9,67.95,16.2,6.9,130.8,8.1,236.85
1824,2.1,55.8,9.9,3,129.2,6.9,206.9
1825,3.9,41.85,34.2,5.1,111.2,15,211.25
1826,3,49.05,18,3,116.8,6.9,196.75
1827,3.9,61.2,5.85,0.9,125.2,5.1,202.15
1828,6.9,40.95,8.1,6,112.8,3.9,178.65
1829,3.9,62.1,0,3.9,128.8,2.1,200.8
1830,2.1,59.85,30.15,3,122.8,12,229.9
1831,6.9,53.1,9.9,5.1,126.8,3,204.8
1832,5.1,54,9.9,2.1,120.8,3,194.9
1833,3,34.2,19.8,3,104,6.9,170.9
1834,2.1,43.2,12.15,3,113.2,5.1,178.75
1835,0.9,37.8,16.2,0.9,108,5.1,168.9
1836,3,27,9.9,3.9,103.2,6,153
1837,3.9,27.9,31.95,5.1,102.8,9.9,181.55
1838,3.9,67.05,5.85,5.1,133.2,2.1,217.2
1839,3.9,44.1,0,8.1,115.2,3.9,175.2
1840,6.9,58.05,26.1,6,120.8,9,226.85
1841,2.1,45.9,23.85,2.1,118.8,9.9,202.65
1842,3,67.05,5.85,0.9,132.8,2.1,211.7
1843,3,70.2,0,2.1,138.8,2.1,216.2
1844,5.1,49.05,19.8,6,117.2,8.1,205.25
1845,2.1,49.95,9.9,3,120,5.1,190.05
1846,3,52.2,13.95,6.9,116.8,3.9,196.75
1847,6,46.8,40.05,9,115.2,12,229.05
1848,5.1,46.8,5.85,8.1,112.8,3.9,182.55
1849,3,50.85,40.05,3,119.2,12,228.1
1850,5.1,71.1,0,8.1,138,2.1,224.4
1851,0.9,58.05,12.15,0.9,118.8,6,196.8
1852,3.9,55.8,23.85,3,124,9,219.55
1853,6.9,49.05,12.15,14.1,110,3.9,196.1
1854,2.1,35.1,12.15,3,110,6.9,169.25
1855,6,49.05,9.9,5.1,116.8,5.1,191.95
1856,2.1,40.95,13.95,3,115.2,5.1,180.3
1857,3,52.2,27.9,2.1,120.8,11.1,217.1
1858,6,54.9,12.15,6.9,122,6,207.95
1859,5.1,67.95,26.1,3,130,8.1,240.25
1860,3,50.85,23.85,3,111.2,9,200.9
1861,3.9,40.95,13.95,3,114.8,3.9,180.5
1862,3,43.2,5.85,3.9,115.2,6,177.15
1863,5.1,45,12.15,2.1,114,3.9,182.25
1864,3.9,54.9,13.95,3,121.2,6,202.95
1865,2.1,46.8,12.15,0.9,117.2,6,185.15
1866,3,40.95,0,3.9,117.2,3,168.05
1867,2.1,49.05,0,2.1,119.2,0,172.45
1868,6,43.2,19.8,6.9,112.8,6.9,195.6
1869,6.9,70.2,0,9,140,0.9,227
1870,3.9,43.2,1.8,6,114.8,3.9,173.6
1871,3.9,30.15,13.95,6,100.8,5.1,159.9
1872,3,58.05,9.9,3.9,125.2,6,206.05
1873,3,45,22.05,3.9,117.2,9.9,201.05
1874,6.9,72,0,5.1,140,3,227
1875,3.9,49.95,37.8,3.9,121.2,14.1,230.85
1876,3.9,43.2,19.8,3.9,112.8,8.1,191.7
1877,6.9,46.8,0,6,111.2,2.1,173
1878,3.9,54,22.05,6,114,9,208.95
1879,5.1,66.15,19.8,5.1,136,6.9,239.05
1880,2.1,64.8,0,2.1,134.8,3,206.8
1881,2.1,49.05,1.8,3.9,118.8,0.9,176.55
1882,5.1,37.8,30.15,5.1,106,9.9,194.05
1883,0.9,63.9,4.05,3,127.2,3,202.05
1884,3,76.95,12.15,6,142,5.1,245.2
1885,3.9,57.15,5.85,2.1,125.2,3,197.2
1886,3,57.15,18,0.9,124,6.9,209.95
1887,3,67.05,9.9,6,132.8,6.9,225.65
1888,3.9,44.1,9.9,3.9,116,5.1,182.9
1889,3.9,39.15,26.1,6.9,102.8,11.1,189.95
1890,3.9,40.95,8.1,3,111.2,3.9,171.05
1891,3,46.8,26.1,2.1,114.8,9,201.8
1892,6,45,18,5.1,113.2,8.1,195.4
1893,3.9,27.9,8.1,6,102,3,150.9
1894,5.1,31.95,1.8,3.9,107.2,2.1,152.05
1895,6,49.05,19.8,8.1,118.8,6.9,208.65
1896,2.1,58.05,19.8,3,120.8,8.1,211.85
1897,3.9,44.1,13.95,2.1,105.2,6.9,176.15
1898,5.1,50.85,5.85,5.1,117.2,3.9,188
1899,5.1,72,19.8,6,134.8,6,243.7
1900,3.9,59.85,18,6,128,9,224.75
1901,3,54,12.15,3,118.8,6.9,197.85
1902,3.9,40.05,0,3.9,114,0.9,162.75
1903,2.1,64.8,12.15,0.9,135.2,5.1,220.25
1904,2.1,31.95,0,0.9,104.8,0,139.75
1905,2.1,81.9,13.95,3,148.8,6,255.75
1906,3,43.2,13.95,0.9,106.8,3.9,171.75
1907,3,36,18,3.9,107.2,6,174.1
1908,5.1,48.15,16.2,3,115.2,11.1,198.75
1909,5.1,57.15,16.2,8.1,128,6,220.55
1910,3.9,71.1,26.1,3.9,126.8,9,240.8
1911,0.9,59.85,9.9,3,128,3.9,205.55
1912,5.1,36,22.05,3,110,8.1,184.25
1913,6,45.9,18,8.1,112,9,199
1914,2.1,63,23.85,3.9,131.2,6.9,230.95
1915,5.1,90,16.2,5.1,148,8.1,272.5
1916,3.9,50.85,9.9,6.9,118,8.1,197.65
1917,0,52.2,18,0,121.2,6,197.4
1918,6,54,0,5.1,126,3.9,195
1919,3,40.95,18,2.1,108,6.9,178.95
1920,3.9,50.85,30.15,8.1,116,9,218
1921,0.9,54,19.8,0,116.8,6,197.5
1922,3.9,40.05,30.15,5.1,104.8,12,196
1923,0,43.2,18,0.9,117.2,9,188.3
1924,3.9,63.9,0,5.1,132,0.9,205.8
1925,2.1,50.85,5.85,2.1,124,3.9,188.8
1926,3.9,45,34.2,6.9,110,11.1,211.1
1927,2.1,49.95,8.1,3.9,123.2,6,193.25
1928,3,45,4.05,3,114,6,175.05
1929,5.1,67.05,5.85,9,132,2.1,221.1
1930,6.9,46.8,22.05,3,116.8,8.1,203.65
1931,2.1,68.85,0,3,133.2,3.9,211.05
1932,3.9,31.95,0,5.1,108,2.1,151.05
1933,3,48.15,4.05,3.9,116.8,2.1,178
1934,5.1,50.85,27.9,5.1,120,9.9,218.85
1935,5.1,50.85,0,3.9,120.8,0,180.65
1936,3.9,66.15,22.05,2.1,130,9.9,234.1
1937,6,62.1,9.9,3.9,126.8,5.1,213.8
1938,0.9,31.05,5.85,0.9,105.2,2.1,146
1939,2.1,66.15,19.8,3,129.2,6.9,227.15
1940,6.9,54.9,4.05,9,121.2,0.9,196.95
1941,5.1,54.9,23.85,3.9,123.2,9.9,220.85
1942,0.9,37.8,31.95,3,107.2,12,192.85
1943,6,62.1,13.95,5.1,129.2,6,222.35
1944,3,57.15,5.85,0.9,126,3.9,196.8
1945,0.9,52.2,4.05,3,122.8,3,185.95
1946,3.9,50.85,0,5.1,126,2.1,187.95
1947,3.9,62.1,12.15,3,126,3.9,211.05
1948,5.1,62.1,23.85,5.1,123.2,6.9,226.25
1949,6.9,28.8,13.95,5.1,104.8,5.1,164.65
1950,2.1,36,5.85,2.1,108.8,3,157.85
1951,3,43.2,22.05,6.9,112,8.1,195.25
1952,3,61.2,16.2,2.1,125.2,6,213.7
1953,2.1,44.1,8.1,5.1,117.2,3,179.6
1954,2.1,61.2,4.05,3,123.2,2.1,195.65
1955,8.1,45.9,18,6,118,8.1,204.1
1956,0,35.1,18,0,105.2,8.1,166.4
1957,3,70.2,0,2.1,139.2,2.1,216.6
1958,3,53.1,9.9,3.9,119.2,3.9,193
1959,6,41.85,0,8.1,116,0,171.95
1960,2.1,49.05,5.85,0.9,115.2,3,176.1
1961,3,57.15,16.2,5.1,124,6,211.45
1962,3.9,36,23.85,3.9,104.8,8.1,180.55
1963,6,54.9,13.95,8.1,123.2,6.9,213.05
1964,2.1,59.85,8.1,3.9,132,5.1,211.05
1965,3.9,36.9,22.05,6,113.2,9.9,191.95
1966,0.9,59.85,27.9,0.9,122,9.9,221.45
1967,0.9,68.85,18,3,128,6,224.75
1968,3.9,67.95,9.9,6.9,131.2,6,225.85
1969,3,48.15,0,3.9,114,0,169.05
1970,3,57.15,19.8,2.1,126.8,8.1,216.95
1971,5.1,54,5.85,3,120,6.9,194.85
1972,6.9,50.85,0,5.1,118,2.1,182.95
1973,3.9,27.9,0,6,104.8,0.9,143.5
1974,5.1,46.8,9.9,6,117.2,9,194
1975,0.9,54.9,8.1,3,122.8,5.1,194.8
1976,3,31.05,19.8,5.1,101.2,8.1,168.25
1977,2.1,45,30.15,0.9,109.2,11.1,198.45
1978,3,63,22.05,3.9,130.8,9,231.75
1979,5.1,53.1,12.15,3,120.8,5.1,199.25
1980,3,39.15,1.8,3,114,3.9,164.85
1981,3.9,73.8,12.15,3,134.8,6,233.65
1982,2.1,45,18,5.1,108.8,6,185
1983,3.9,54.9,0,2.1,119.2,0,180.1
1984,5.1,54,19.8,6.9,121.2,9,216
1985,3.9,45.9,0,6,117.2,3,176
1986,8.1,45,9.9,6,118,3.9,190.9
1987,3,72,0,2.1,136.8,3,216.9
1988,6.9,45,4.05,6,116,0.9,178.85
1989,0.9,61.2,12.15,2.1,130,5.1,211.45
1990,0.9,49.95,1.8,2.1,120.8,3,178.55
1991,0.9,32.85,22.05,2.1,105.2,6.9,170
1992,3.9,58.05,13.95,3,127.2,6.9,213
1993,6,71.1,1.8,3.9,142.8,5.1,230.7
1994,3.9,54,5.85,3,126.8,6,199.55
1995,0.9,64.8,16.2,0.9,132,8.1,222.9
1996,5.1,57.15,16.2,3,128.8,9,219.25
1997,6.9,34.2,34.2,5.1,107.2,11.1,198.7
1998,0.9,36.9,26.1,3,110.8,11.1,188.8
1999,3,50.85,1.8,5.1,128,3.9,192.65
2000,0.9,27,18,2.1,105.2,8.1,161.3